English;German;French;Japanese (kana);Japanese (rōmaji);Korean;Chinese (traditional);Chinese (simplified)
default;ge;fr;jp;jr;ko;ct;cs
Bulbasaur;Bisasam;Bulbizarre;フシギダネ;Fushigidane;이상해씨;妙蛙種子;妙蛙种子
Ivysaur;Bisaknosp;Herbizarre;フシギソウ;Fushigisou;이상해풀;妙蛙草;妙蛙草
Venusaur;Bisaflor;Florizarre;フシギバナ;Fushigibana;이상해꽃;妙蛙花;妙蛙花
Charmander;Glumanda;Salamèche;ヒトカゲ;Hitokage;파이리;小火龍;小火龙
Charmeleon;Glutexo;Reptincel;リザード;Lizardo;리자드;火恐龍;火恐龙
Charizard;Glurak;Dracaufeu;リザードン;Lizardon;리자몽;噴火龍;喷火龙
Squirtle;Schiggy;Carapuce;ゼニガメ;Zenigame;꼬부기;傑尼龜;杰尼龟
Wartortle;Schillok;Carabaffe;カメール;Kameil;어니부기;卡咪龜;卡咪龟
Blastoise;Turtok;Tortank;カメックス;Kamex;거북왕;水箭龜;水箭龟
Caterpie;Raupy;Chenipan;キャタピー;Caterpie;캐터피;綠毛蟲;绿毛虫
Metapod;Safcon;Chrysacier;トランセル;Transel;단데기;鐵甲蛹;铁甲蛹
Butterfree;Smettbo;Papilusion;バタフリー;Butterfree;버터플;巴大蝶;巴大蝶
Weedle;Hornliu;Aspicot;ビードル;Beedle;뿔충이;獨角蟲;独角虫
Kakuna;Kokuna;Coconfort;コクーン;Cocoon;딱충이;鐵殼蛹;铁壳蛹
Beedrill;Bibor;Dardargnan;スピアー;Spear;독침붕;大針蜂;大针蜂
Pidgey;Taubsi;Roucool;ポッポ;Poppo;구구;波波;波波
Pidgeotto;Tauboga;Roucoups;ピジョン;Pigeon;피죤;比比鳥;比比鸟
Pidgeot;Tauboss;Roucarnage;ピジョット;Pigeot;피죤투;大比鳥;大比鸟
Rattata;Rattfratz;Rattata;コラッタ;Koratta;꼬렛;小拉達;小拉达
Raticate;Rattikarl;Rattatac;ラッタ;Ratta;레트라;拉達;拉达
Spearow;Habitak;Piafabec;オニスズメ;Onisuzume;깨비참;烈雀;烈雀
Fearow;Ibitak;Rapasdepic;オニドリル;Onidrill;깨비드릴조;大嘴雀;大嘴雀
Ekans;Rettan;Abo;アーボ;Arbo;아보;阿柏蛇;阿柏蛇
Arbok;Arbok;Arbok;アーボック;Arbok;아보크;阿柏怪;阿柏怪
Pikachu;Pikachu;Pikachu;ピカチュウ;Pikachu;피카츄;皮卡丘;皮卡丘
Raichu;Raichu;Raichu;ライチュウ;Raichu;라이츄;雷丘;雷丘
Sandshrew;Sandan;Sabelette;サンド;Sand;모래두지;穿山鼠;穿山鼠
Sandslash;Sandamer;Sablaireau;サンドパン;Sandpan;고지;穿山王;穿山王
Nidoran;Nidoran;Nidoran;ニドラン;Nidoran;니드런;尼多蘭;尼多兰
Nidorina;Nidorina;Nidorina;ニドリーナ;Nidorina;니드리나;尼多娜;尼多娜
Nidoqueen;Nidoqueen;Nidoqueen;ニドクイン;Nidoqueen;니드퀸;尼多后;尼多后
Nidoran;Nidoran;Nidoran;ニドラン;Nidoran;니드런;尼多朗;尼多朗
Nidorino;Nidorino;Nidorino;ニドリーノ;Nidorino;니드리노;尼多力諾;尼多力诺
Nidoking;Nidoking;Nidoking;ニドキング;Nidoking;니드킹;尼多王;尼多王
Clefairy;Piepi;Mélofée;ピッピ;Pippi;삐삐;皮皮;皮皮
Clefable;Pixi;Mélodelfe;ピクシー;Pixy;픽시;皮可西;皮可西
Vulpix;Vulpix;Goupix;ロコン;Rokon;식스테일;六尾;六尾
Ninetales;Vulnona;Feunard;キュウコン;Kyukon;나인테일;九尾;九尾
Jigglypuff;Pummeluff;Rondoudou;プリン;Purin;푸린;胖丁;胖丁
Wigglytuff;Knuddeluff;Grodoudou;プクリン;Pukurin;푸크린;胖可丁;胖可丁
Zubat;Zubat;Nosferapti;ズバット;Zubat;주뱃;超音蝠;超音蝠
Golbat;Golbat;Nosferalto;ゴルバット;Golbat;골뱃;大嘴蝠;大嘴蝠
Oddish;Myrapla;Mystherbe;ナゾノクサ;Nazonokusa;뚜벅쵸;走路草;走路草
Gloom;Duflor;Ortide;クサイハナ;Kusaihana;냄새꼬;臭臭花;臭臭花
Vileplume;Giflor;Rafflesia;ラフレシア;Ruffresia;라플레시아;霸王花;霸王花
Paras;Paras;Paras;パラス;Paras;파라스;派拉斯;派拉斯
Parasect;Parasek;Parasect;パラセクト;Parasect;파라섹트;派拉斯特;派拉斯特
Venonat;Bluzuk;Mimitoss;コンパン;Kongpang;콘팡;毛球;毛球
Venomoth;Omot;Aéromite;モルフォン;Morphon;도나리;摩魯蛾;摩鲁蛾
Diglett;Digda;Taupiqueur;ディグダ;Digda;디그다;地鼠;地鼠
Dugtrio;Digdri;Triopikeur;ダグトリオ;Dugtrio;닥트리오;三地鼠;三地鼠
Meowth;Mauzi;Miaouss;ニャース;Nyarth;나옹;喵喵;喵喵
Persian;Snobilikat;Persian;ペルシアン;Persian;페르시온;貓老大;猫老大
Psyduck;Enton;Psykokwak;コダック;Koduck;고라파덕;可達鴨;可达鸭
Golduck;Entoron;Akwakwak;ゴルダック;Golduck;골덕;哥達鴨;哥达鸭
Mankey;Menki;Férosinge;マンキー;Mankey;망키;猴怪;猴怪
Primeape;Rasaff;Colossinge;オコリザル;Okorizaru;성원숭;火爆猴;火暴猴
Growlithe;Fukano;Caninos;ガーディ;Gardie;가디;卡蒂狗;卡蒂狗
Arcanine;Arkani;Arcanin;ウインディ;Windie;윈디;風速狗;风速狗
Poliwag;Quapsel;Ptitard;ニョロモ;Nyoromo;발챙이;蚊香蝌蚪;蚊香蝌蚪
Poliwhirl;Quaputzi;Têtarte;ニョロゾ;Nyorozo;슈륙챙이;蚊香君;蚊香君
Poliwrath;Quappo;Tartard;ニョロボン;Nyorobon;강챙이;蚊香泳士;蚊香泳士
Abra;Abra;Abra;ケーシィ;Casey;캐이시;凱西;凯西
Kadabra;Kadabra;Kadabra;ユンゲラー;Yungerer;윤겔라;勇基拉;勇基拉
Alakazam;Simsala;Alakazam;フーディン;Foodin;후딘;胡地;胡地
Machop;Machollo;Machoc;ワンリキー;Wanriky;알통몬;腕力;腕力
Machoke;Maschock;Machopeur;ゴーリキー;Goriky;근육몬;豪力;豪力
Machamp;Machomei;Mackogneur;カイリキー;Kairiky;괴력몬;怪力;怪力
Bellsprout;Knofensa;Chétiflor;マダツボミ;Madatsubomi;모다피;喇叭芽;喇叭芽
Weepinbell;Ultrigaria;Boustiflor;ウツドン;Utsudon;우츠동;口呆花;口呆花
Victreebel;Sarzenia;Empiflor;ウツボット;Utsubot;우츠보트;大食花;大食花
Tentacool;Tentacha;Tentacool;メノクラゲ;Menokurage;왕눈해;瑪瑙水母;玛瑙水母
Tentacruel;Tentoxa;Tentacruel;ドククラゲ;Dokukurage;독파리;毒刺水母;毒刺水母
Geodude;Kleinstein;Racaillou;イシツブテ;Isitsubute;꼬마돌;小拳石;小拳石
Graveler;Georok;Gravalanch;ゴローン;Golone;데구리;隆隆石;隆隆石
Golem;Geowaz;Grolem;ゴローニャ;Golonya;딱구리;隆隆岩;隆隆岩
Ponyta;Ponita;Ponyta;ポニータ;Ponyta;포니타;小火馬;小火马
Rapidash;Gallopa;Galopa;ギャロップ;Gallop;날쌩마;烈焰馬;烈焰马
Slowpoke;Flegmon;Ramoloss;ヤドン;Yadon;야돈;呆呆獸;呆呆兽
Slowbro;Lahmus;Flagadoss;ヤドラン;Yadoran;야도란;呆殼獸;呆壳兽
Magnemite;Magnetilo;Magnéti;コイル;Coil;코일;小磁怪;小磁怪
Magneton;Magneton;Magnéton;レアコイル;Rarecoil;레어코일;三合一磁怪;三合一磁怪
Farfetch'd;Porenta;Canarticho;カモネギ;Kamonegi;파오리;大蔥鴨;大葱鸭
Doduo;Dodu;Doduo;ドードー;Dodo;두두;嘟嘟;嘟嘟
Dodrio;Dodri;Dodrio;ドードリオ;Dodorio;두트리오;嘟嘟利;嘟嘟利
Seel;Jurob;Otaria;パウワウ;Pawou;쥬쥬;小海獅;小海狮
Dewgong;Jugong;Lamantine;ジュゴン;Jugon;쥬레곤;白海獅;白海狮
Grimer;Sleima;Tadmorv;ベトベター;Betbeter;질퍽이;臭泥;臭泥
Muk;Sleimok;Grotadmorv;ベトベトン;Betbeton;질뻐기;臭臭泥;臭臭泥
Shellder;Muschas;Kokiyas;シェルダー;Shellder;셀러;大舌貝;大舌贝
Cloyster;Austos;Crustabri;パルシェン;Parshen;파르셀;刺甲貝;刺甲贝
Gastly;Nebulak;Fantominus;ゴース;Ghos;고오스;鬼斯;鬼斯
Haunter;Alpollo;Spectrum;ゴースト;Ghost;고우스트;鬼斯通;鬼斯通
Gengar;Gengar;Ectoplasma;ゲンガー;Gangar;팬텀;耿鬼;耿鬼
Onix;Onix;Onix;イワーク;Iwark;롱스톤;大岩蛇;大岩蛇
Drowzee;Traumato;Soporifik;スリープ;Sleepe;슬리프;催眠貘;催眠貘
Hypno;Hypno;Hypnomade;スリーパー;Sleeper;슬리퍼;引夢貘人;引梦貘人
Krabby;Krabby;Krabby;クラブ;Crab;크랩;大鉗蟹;大钳蟹
Kingler;Kingler;Krabboss;キングラー;Kingler;킹크랩;巨鉗蟹;巨钳蟹
Voltorb;Voltobal;Voltorbe;ビリリダマ;Biriridama;찌리리공;霹靂電球;霹雳电球
Electrode;Lektrobal;Électrode;マルマイン;Marumine;붐볼;頑皮雷彈;顽皮雷弹
Exeggcute;Owei;Noeunoeuf;タマタマ;Tamatama;아라리;蛋蛋;蛋蛋
Exeggutor;Kokowei;Noadkoko;ナッシー;Nassy;나시;椰蛋樹;椰蛋树
Cubone;Tragosso;Osselait;カラカラ;Karakara;탕구리;卡拉卡拉;卡拉卡拉
Marowak;Knogga;Ossatueur;ガラガラ;Garagara;텅구리;嘎啦嘎啦;嘎啦嘎啦
Hitmonlee;Kicklee;Kicklee;サワムラー;Sawamular;시라소몬;飛腿郎;飞腿郎
Hitmonchan;Nockchan;Tygnon;エビワラー;Ebiwalar;홍수몬;快拳郎;快拳郎
Lickitung;Schlurp;Excelangue;ベロリンガ;Beroringa;내루미;大舌頭;大舌头
Koffing;Smogon;Smogo;ドガース;Dogars;또가스;瓦斯彈;瓦斯弹
Weezing;Smogmog;Smogogo;マタドガス;Matadogas;또도가스;雙彈瓦斯;双弹瓦斯
Rhyhorn;Rihorn;Rhinocorne;サイホーン;Sihorn;뿔카노;獨角犀牛;独角犀牛
Rhydon;Rizeros;Rhinoféros;サイドン;Sidon;코뿌리;鑽角犀獸;钻角犀兽
Chansey;Chaneira;Leveinard;ラッキー;Lucky;럭키;吉利蛋;吉利蛋
Tangela;Tangela;Saquedeneu;モンジャラ;Monjara;덩구리;蔓藤怪;蔓藤怪
Kangaskhan;Kangama;Kangourex;ガルーラ;Garura;캥카;袋獸;袋兽
Horsea;Seeper;Hypotrempe;タッツー;Tattu;쏘드라;墨海馬;墨海马
Seadra;Seemon;Hypocéan;シードラ;Seadra;시드라;海刺龍;海刺龙
Goldeen;Goldini;Poissirène;トサキント;Tosakinto;콘치;角金魚;角金鱼
Seaking;Golking;Poissoroy;アズマオウ;Azumao;왕콘치;金魚王;金鱼王
Staryu;Sterndu;Stari;ヒトデマン;Hitodeman;별가사리;海星星;海星星
Starmie;Starmie;Staross;スターミー;Starmie;아쿠스타;寶石海星;宝石海星
Mr. Mime;Pantimos;M. Mime;バリヤード;Barrierd;마임맨;魔牆人偶;魔墙人偶
Scyther;Sichlor;Insécateur;ストライク;Strike;스라크;飛天螳螂;飞天螳螂
Jynx;Rossana;Lippoutou;ルージュラ;Rougela;루주라;迷唇姐;迷唇姐
Electabuzz;Elektek;Élektek;エレブー;Eleboo;에레브;電擊獸;电击兽
Magmar;Magmar;Magmar;ブーバー;Boober;마그마;鴨嘴火獸;鸭嘴火兽
Pinsir;Pinsir;Scarabrute;カイロス;Kailios;쁘사이저;凱羅斯;凯罗斯
Tauros;Tauros;Tauros;ケンタロス;Kentauros;켄타로스;肯泰羅;肯泰罗
Magikarp;Karpador;Magicarpe;コイキング;Koiking;잉어킹;鯉魚王;鲤鱼王
Gyarados;Garados;Léviator;ギャラドス;Gyarados;갸라도스;暴鯉龍;暴鲤龙
Lapras;Lapras;Lokhlass;ラプラス;Laplace;라프라스;拉普拉斯;拉普拉斯
Ditto;Ditto;Métamorph;メタモン;Metamon;메타몽;百變怪;百变怪
Eevee;Evoli;Évoli;イーブイ;Eievui;이브이;伊布;伊布
Vaporeon;Aquana;Aquali;シャワーズ;Showers;샤미드;水伊布;水伊布
Jolteon;Blitza;Voltali;サンダース;Thunders;쥬피썬더;雷伊布;雷伊布
Flareon;Flamara;Pyroli;ブースター;Booster;부스터;火伊布;火伊布
Porygon;Porygon;Porygon;ポリゴン;Porygon;폴리곤;多邊獸;多边兽
Omanyte;Amonitas;Amonita;オムナイト;Omnite;암나이트;菊石獸;菊石兽
Omastar;Amoroso;Amonistar;オムスター;Omstar;암스타;多刺菊石獸;多刺菊石兽
Kabuto;Kabuto;Kabuto;カブト;Kabuto;투구;化石盔;化石盔
Kabutops;Kabutops;Kabutops;カブトプス;Kabutops;투구푸스;鐮刀盔;镰刀盔
Aerodactyl;Aerodactyl;Ptéra;プテラ;Ptera;프테라;化石翼龍;化石翼龙
Snorlax;Relaxo;Ronflex;カビゴン;Kabigon;잠만보;卡比獸;卡比兽
Articuno;Arktos;Artikodin;フリーザー;Freezer;프리져;急凍鳥;急冻鸟
Zapdos;Zapdos;Électhor;サンダー;Thunder;썬더;閃電鳥;闪电鸟
Moltres;Lavados;Sulfura;ファイヤー;Fire;파이어;火焰鳥;火焰鸟
Dratini;Dratini;Minidraco;ミニリュウ;Miniryu;미뇽;迷你龍;迷你龙
Dragonair;Dragonir;Draco;ハクリュー;Hakuryu;신뇽;哈克龍;哈克龙
Dragonite;Dragoran;Dracolosse;カイリュー;Kairyu;망나뇽;快龍;快龙
Mewtwo;Mewtu;Mewtwo;ミュウツー;Mewtwo;뮤츠;超夢;超梦
Mew;Mew;Mew;ミュウ;Mew;뮤;夢幻;梦幻
Chikorita;Endivie;Germignon;チコリータ;Chicorita;치코리타;菊草葉;菊草叶
Bayleef;Lorblatt;Macronium;ベイリーフ;Bayleaf;베이리프;月桂葉;月桂叶
Meganium;Meganie;Méganium;メガニウム;Meganium;메가니움;大竺葵;大竺葵
Cyndaquil;Feurigel;Héricendre;ヒノアラシ;Hinoarashi;브케인;火球鼠;火球鼠
Quilava;Igelavar;Feurisson;マグマラシ;Magmarashi;마그케인;火岩鼠;火岩鼠
Typhlosion;Tornupto;Typhlosion;バクフーン;Bakphoon;블레이범;火爆獸;火暴兽
Totodile;Karnimani;Kaiminus;ワニノコ;Waninoko;리아코;小鋸鱷;小锯鳄
Croconaw;Tyracroc;Crocrodil;アリゲイツ;Alligates;엘리게이;藍鱷;蓝鳄
Feraligatr;Impergator;Aligatueur;オーダイル;Ordile;장크로다일;大力鱷;大力鳄
Sentret;Wiesor;Fouinette;オタチ;Otachi;꼬리선;尾立;尾立
Furret;Wiesenior;Fouinar;オオタチ;Ootachi;다꼬리;大尾立;大尾立
Hoothoot;Hoothoot;Hoothoot;ホーホー;Hoho;부우부;咕咕;咕咕
Noctowl;Noctuh;Noarfang;ヨルノズク;Yorunozuku;야부엉;貓頭夜鷹;猫头夜鹰
Ledyba;Ledyba;Coxy;レディバ;Rediba;레디바;芭瓢蟲;芭瓢虫
Ledian;Ledian;Coxyclaque;レディアン;Redian;레디안;安瓢蟲;安瓢虫
Spinarak;Webarak;Mimigal;イトマル;Itomaru;페이검;圓絲蛛;圆丝蛛
Ariados;Ariados;Migalos;アリアドス;Ariados;아리아도스;阿利多斯;阿利多斯
Crobat;Iksbat;Nostenfer;クロバット;Crobat;크로뱃;叉字蝠;叉字蝠
Chinchou;Lampi;Loupio;チョンチー;Chonchie;초라기;燈籠魚;灯笼鱼
Lanturn;Lanturn;Lanturn;ランターン;Lantern;랜턴;電燈怪;电灯怪
Pichu;Pichu;Pichu;ピチュー;Pichu;피츄;皮丘;皮丘
Cleffa;Pii;Mélo;ピィ;Py;삐;皮寶寶;皮宝宝
Igglybuff;Fluffeluff;Toudoudou;ププリン;Pupurin;푸푸린;寶寶丁;宝宝丁
Togepi;Togepi;Togepi;トゲピー;Togepy;토게피;波克比;波克比
Togetic;Togetic;Togetic;トゲチック;Togechick;토게틱;波克基古;波克基古
Natu;Natu;Natu;ネイティ;Naty;네이티;天然雀;天然雀
Xatu;Xatu;Xatu;ネイティオ;Natio;네이티오;天然鳥;天然鸟
Mareep;Voltilamm;Wattouat;メリープ;Merriep;메리프;咩利羊;咩利羊
Flaaffy;Waaty;Lainergie;モココ;Mokoko;보송송;茸茸羊;茸茸羊
Ampharos;Ampharos;Pharamp;デンリュウ;Denryu;전룡;電龍;电龙
Bellossom;Blubella;Joliflor;キレイハナ;Kireihana;아르코;美麗花;美丽花
Marill;Marill;Marill;マリル;Maril;마릴;瑪力露;玛力露
Azumarill;Azumarill;Azumarill;マリルリ;Marilli;마릴리;瑪力露麗;玛力露丽
Sudowoodo;Mogelbaum;Simularbre;ウソッキー;Usokkie;꼬지모;樹才怪;树才怪‎
Politoed;Quaxo;Tarpaud;ニョロトノ;Nyorotono;왕구리;蚊香蛙皇;蚊香蛙皇
Hoppip;Hoppspross;Granivol;ハネッコ;Hanecco;통통코;毽子草;毽子草
Skiploom;Hubelupf;Floravol;ポポッコ;Popocco;두코;毽子花;毽子花
Jumpluff;Papungha;Cotovol;ワタッコ;Watacco;솜솜코;毽子棉;毽子棉
Aipom;Griffel;Capumain;エイパム;Eipam;에이팜;長尾怪手;长尾怪手
Sunkern;Sonnkern;Tournegrin;ヒマナッツ;Himanuts;해너츠;向日種子;向日种子
Sunflora;Sonnflora;Héliatronc;キマワリ;Kimawari;해루미;向日花怪;向日花怪
Yanma;Yanma;Yanma;ヤンヤンマ;Yanyanma;왕자리;蜻蜻蜓;蜻蜻蜓
Wooper;Felino;Axoloto;ウパー;Upah;우파;烏波;乌波
Quagsire;Morlord;Maraiste;ヌオー;Nuoh;누오;沼王;沼王
Espeon;Psiana;Mentali;エーフィ;Eifie;에브이;太陽伊布;太阳伊布
Umbreon;Nachtara;Noctali;ブラッキー;Blacky;블래키;月亮伊布;月亮伊布
Murkrow;Kramurx;Cornèbre;ヤミカラス;Yamikarasu;니로우;黑暗鴉;黑暗鸦
Slowking;Laschoking;Roigada;ヤドキング;Yadoking;야도킹;呆呆王;呆呆王
Misdreavus;Traunfugil;Feuforêve;ムウマ;Muma;무우마;夢妖;梦妖
Unown;Icognito;Zarbi;アンノーン;Unknown;안농;未知圖騰;未知图腾
Wobbuffet;Woingenau;Qulbutoké;ソーナンス;Sonans;마자용;果然翁;果然翁
Girafarig;Girafarig;Girafarig;キリンリキ;Kirinriki;키링키;麒麟奇;麒麟奇
Pineco;Tannza;Pomdepik;クヌギダマ;Kunugidama;피콘;榛果球;榛果球
Forretress;Forstellka;Foretress;フォレトス;Foretos;쏘콘;佛烈托斯;佛烈托斯
Dunsparce;Dummisel;Insolourdo;ノコッチ;Nokocchi;노고치;土龍弟弟;土龙弟弟
Gligar;Skorgla;Scorplane;グライガー;Gliger;글라이거;天蠍;天蝎
Steelix;Stahlos;Steelix;ハガネール;Haganeil;강철톤;大鋼蛇;大钢蛇
Snubbull;Snubbull;Snubbull;ブルー;Bulu;블루;布魯;布鲁
Granbull;Granbull;Granbull;グランブル;Granbulu;그랑블루;布魯皇;布鲁皇
Qwilfish;Baldorfish;Qwilfish;ハリーセン;Harysen;침바루;千針魚;千针鱼
Scizor;Scherox;Cizayox;ハッサム;Hassam;핫삼;巨鉗螳螂;巨钳螳螂
Shuckle;Pottrott;Caratroc;ツボツボ;Tsubotsubo;단단지;壺壺;壶壶
Heracross;Skaraborn;Scarhino;ヘラクロス;Heracros;헤라크로스;赫拉克羅斯;赫拉克罗斯
Sneasel;Sniebel;Farfuret;ニューラ;Nyula;포푸니;狃拉;狃拉
Teddiursa;Teddiursa;Teddiursa;ヒメグマ;Himeguma;깜지곰;熊寶寶;熊宝宝
Ursaring;Ursaring;Ursaring;リングマ;Ringuma;링곰;圈圈熊;圈圈熊
Slugma;Schneckmag;Limagma;マグマッグ;Magmag;마그마그;熔岩蟲;熔岩虫
Magcargo;Magcargo;Volcaropod;マグカルゴ;Magcargot;마그카르고;熔岩蝸牛;熔岩蜗牛
Swinub;Quiekel;Marcacrin;ウリムー;Urimoo;꾸꾸리;小山豬;小山猪
Piloswine;Keifel;Cochignon;イノムー;Inomoo;메꾸리;長毛豬;长毛猪
Corsola;Corasonn;Corayon;サニーゴ;Sunnygo;코산호;太陽珊瑚;太阳珊瑚
Remoraid;Remoraid;Rémoraid;テッポウオ;Teppouo;총어;鐵炮魚;铁炮鱼
Octillery;Octillery;Octillery;オクタン;Okutank;대포무노;章魚桶;章鱼桶
Delibird;Botogel;Cadoizo;デリバード;Delibird;딜리버드;信使鳥;信使鸟
Mantine;Mantax;Démanta;マンタイン;Mantain;만타인;巨翅飛魚;巨翅飞鱼
Skarmory;Panzaeron;Airmure;エアームド;Airmd;무장조;盔甲鳥;盔甲鸟
Houndour;Hunduster;Malosse;デルビル;Delvil;델빌;戴魯比;戴鲁比
Houndoom;Hundemon;Démolosse;ヘルガー;Hellgar;헬가;黑魯加;黑鲁加
Kingdra;Seedraking;Hyporoi;キングドラ;Kingdra;킹드라;刺龍王;刺龙王
Phanpy;Phanpy;Phanpy;ゴマゾウ;Gomazou;코코리;小小象;小小象
Donphan;Donphan;Donphan;ドンファン;Donfan;코리갑;頓甲;顿甲
Porygon2;Porygon2;Porygon2;ポリゴン２;Porygon2;폴리곤2;多邊獸Ⅱ;多边兽２型
Stantler;Damhirplex;Cerfrousse;オドシシ;Odoshishi;노라키;驚角鹿;惊角鹿
Smeargle;Farbeagle;Queulorior;ドーブル;Doble;루브도;圖圖犬;图图犬
Tyrogue;Rabauz;Debugant;バルキー;Balkie;배루키;無畏小子;无畏小子
Hitmontop;Kapoera;Kapoera;カポエラー;Kapoerer;카포에라;戰舞郎;战舞郎
Smoochum;Kussilla;Lippouti;ムチュール;Muchul;뽀뽀라;迷唇娃;迷唇娃
Elekid;Elekid;Élekid;エレキッド;Elekid;에레키드;電擊怪;电击怪
Magby;Magby;Magby;ブビィ;Buby;마그비;鴨嘴寶寶;鸭嘴宝宝
Miltank;Miltank;Écrémeuh;ミルタンク;Miltank;밀탱크;大奶罐;大奶罐
Blissey;Heiteira;Leuphorie;ハピナス;Happinas;해피너스;幸福蛋;幸福蛋
Raikou;Raikou;Raikou;ライコウ;Raikou;라이코;雷公;雷公
Entei;Entei;Entei;エンテイ;Entei;앤테이;炎帝;炎帝
Suicune;Suicune;Suicune;スイクン;Suicune;스이쿤;水君;水君
Larvitar;Larvitar;Embrylex;ヨーギラス;Yogiras;애버라스;幼基拉斯;幼基拉斯
Pupitar;Pupitar;Ymphect;サナギラス;Sanagiras;데기라스;沙基拉斯;沙基拉斯
Tyranitar;Despotar;Tyranocif;バンギラス;Bangiras;마기라스;班基拉斯;班基拉斯
Lugia;Lugia;Lugia;ルギア;Lugia;루기아;洛奇亞;洛奇亚
Ho-Oh;Ho-Oh;Ho-Oh;ホウオウ;Houou;칠색조;鳳王;凤王
Celebi;Celebi;Celebi;セレビィ;Celebi;세레비;時拉比;时拉比
Treecko;Geckarbor;Arcko;キモリ;Kimori;나무지기;木守宮;木守宫
Grovyle;Reptain;Massko;ジュプトル;Juptile;나무돌이;森林蜥蜴;森林蜥蜴
Sceptile;Gewaldro;Jungko;ジュカイン;Jukain;나무킹;蜥蜴王;蜥蜴王
Torchic;Flemmli;Poussifeu;アチャモ;Achamo;아차모;火稚雞;火稚鸡
Combusken;Jungglut;Galifeu;ワカシャモ;Wakasyamo;영치코;力壯雞;力壮鸡
Blaziken;Lohgock;Braségali;バシャーモ;Bursyamo;번치코;火焰雞;火焰鸡
Mudkip;Hydropi;Gobou;ミズゴロウ;Mizugorou;물짱이;水躍魚;水跃鱼
Marshtomp;Moorabbel;Flobio;ヌマクロー;Numacraw;늪짱이;沼躍魚;沼跃鱼
Swampert;Sumpex;Laggron;ラグラージ;Laglarge;대짱이;巨沼怪;巨沼怪
Poochyena;Fiffyen;Medhyèna;ポチエナ;Pochiena;포챠나;土狼犬;土狼犬
Mightyena;Magnayen;Grahyèna;グラエナ;Graena;그라에나;大狼犬;大狼犬
Zigzagoon;Zigzachs;Zigzaton;ジグザグマ;Jiguzaguma;지그제구리;蛇紋熊;蛇纹熊
Linoone;Geradaks;Linéon;マッスグマ;Massuguma;직구리;直衝熊;直冲熊
Wurmple;Waumpel;Chenipotte;ケムッソ;Kemusso;개무소;刺尾蟲;刺尾虫
Silcoon;Schaloko;Armulys;カラサリス;Karasalis;실쿤;甲殼繭;甲壳茧
Beautifly;Papinella;Charmillon;アゲハント;Agehunt;뷰티플라이;狩獵鳳蝶;狩猎凤蝶
Cascoon;Panekon;Blindalys;マユルド;Mayuld;카스쿤;盾甲繭;盾甲茧
Dustox;Pudox;Papinox;ドクケイル;Dokucale;독케일;毒粉蛾;毒粉蛾
Lotad;Loturzel;Nénupiot;ハスボー;Hassboh;연꽃몬;蓮葉童子;莲叶童子
Lombre;Lombrero;Lombre;ハスブレロ;Hasubrero;로토스;蓮帽小童;莲帽小童
Ludicolo;Kappalores;Ludicolo;ルンパッパ;Runpappa;로파파;樂天河童;乐天河童
Seedot;Samurzel;Grainipiot;タネボー;Taneboh;도토링;橡實果;橡实果
Nuzleaf;Blanas;Pifeuil;コノハナ;Konohana;잎새코;長鼻葉;长鼻叶
Shiftry;Tengulist;Tengalice;ダーテング;Dirteng;다탱구;狡猾天狗;狡猾天狗
Taillow;Schwalbini;Nirondelle;スバメ;Subame;테일로;傲骨燕;傲骨燕
Swellow;Schwalboss;Hélédelle;オオスバメ;Ohsubame;스왈로;大王燕;大王燕
Wingull;Wingull;Goélise;キャモメ;Camome;갈모매;長翅鷗;长翅鸥
Pelipper;Pelipper;Bekipan;ペリッパー;Pelipper;패리퍼;大嘴鷗;大嘴鸥
Ralts;Trasla;Tarsal;ラルトス;Ralts;랄토스;拉魯拉絲;拉鲁拉丝
Kirlia;Kirlia;Kirlia;キルリア;Kirlia;킬리아;奇魯莉安;奇鲁莉安
Gardevoir;Guardevoir;Gardevoir;サーナイト;Sirnight;가디안;沙奈朵;沙奈朵
Surskit;Gehweiher;Arakdo;アメタマ;Ametama;비구술;溜溜糖球;溜溜糖球
Masquerain;Maskeregen;Maskadra;アメモース;Amemoth;비나방;雨翅蛾;雨翅蛾
Shroomish;Knilz;Balignon;キノココ;Kinococo;버섯꼬;蘑蘑菇;蘑蘑菇
Breloom;Kapilz;Chapignon;キノガッサ;Kinogassa;버섯모;斗笠菇;斗笠菇
Slakoth;Bummelz;Parecool;ナマケロ;Namakero;게을로;懶人獺;懒人獭
Vigoroth;Muntier;Vigoroth;ヤルキモノ;Yarukimono;발바로;過動猿;过动猿
Slaking;Letarking;Monaflèmit;ケッキング;Kekking;게을킹;請假王;请假王
Nincada;Nincada;Ningale;ツチニン;Tutinin;토중몬;土居忍士;土居忍士
Ninjask;Ninjask;Ninjask;テッカニン;Tekkanin;아이스크;鐵面忍者;铁面忍者
Shedinja;Ninjatom;Munja;ヌケニン;Nukenin;껍질몬;脫殼忍者;脱壳忍者
Whismur;Flurmel;Chuchmur;ゴニョニョ;Gonyonyo;소곤룡;咕妞妞;咕妞妞
Loudred;Krakeelo;Ramboum;ドゴーム;Dogohmb;노공룡;吼爆彈;吼爆弹
Exploud;Krawumms;Brouhabam;バクオング;Bakuong;폭음룡;爆音怪;爆音怪
Makuhita;Makuhita;Makuhita;マクノシタ;Makunoshita;마크탕;幕下力士;幕下力士
Hariyama;Hariyama;Hariyama;ハリテヤマ;Hariteyama;하리뭉;鐵掌力士;铁掌力士
Azurill;Azurill;Azurill;ルリリ;Ruriri;루리리;露力麗;露力丽
Nosepass;Nasgnet;Tarinor;ノズパス;Nosepass;코코파스;朝北鼻;朝北鼻
Skitty;Eneco;Skitty;エネコ;Eneco;에나비;向尾喵;向尾喵
Delcatty;Enekoro;Delcatty;エネコロロ;Enekororo;델케티;優雅貓;优雅猫
Sableye;Zobiris;Ténéfix;ヤミラミ;Yamirami;깜까미;勾魂眼;勾魂眼
Mawile;Flunkifer;Mysdibule;クチート;Kucheat;입치트;大嘴娃;大嘴娃
Aron;Stollunior;Galekid;ココドラ;Cokodora;가보리;可可多拉;可可多拉
Lairon;Stollrak;Galegon;コドラ;Kodora;갱도라;可多拉;可多拉
Aggron;Stolloss;Galeking;ボスゴドラ;Bossgodora;보스로라;波士可多拉;波士可多拉
Meditite;Meditie;Méditikka;アサナン;Asanan;요가랑;瑪沙那;玛沙那
Medicham;Meditalis;Charmina;チャーレム;Charem;요가램;恰雷姆;恰雷姆
Electrike;Frizelbliz;Dynavolt;ラクライ;Rakurai;썬더라이;落雷獸;落雷兽
Manectric;Voltenso;Élecsprint;ライボルト;Livolt;썬더볼트;雷電獸;雷电兽
Plusle;Plusle;Posipi;プラスル;Prasle;플러시;正電拍拍;正电拍拍
Minun;Minun;Négapi;マイナン;Minun;마이농;負電拍拍;负电拍拍
Volbeat;Volbeat;Muciole;バルビート;Barubeat;볼비트;電螢蟲;电萤虫
Illumise;Illumise;Lumivole;イルミーゼ;Illumise;네오비트;甜甜螢;甜甜萤
Roselia;Roselia;Rosélia;ロゼリア;Roselia;로젤리아;毒薔薇;毒蔷薇
Gulpin;Schluppuck;Gloupti;ゴクリン;Gokulin;꼴깍몬;溶食獸;溶食兽
Swalot;Schlukwech;Avaltout;マルノーム;Marunoom;꿀꺽몬;吞食獸;吞食兽
Carvanha;Kanivanha;Carvanha;キバニア;Kibanha;샤프니아;利牙魚;利牙鱼
Sharpedo;Tohaido;Sharpedo;サメハダー;Samehader;샤크니아;巨牙鯊;巨牙鲨
Wailmer;Wailmer;Wailmer;ホエルコ;Hoeruko;고래왕자;吼吼鯨;吼吼鲸
Wailord;Wailord;Wailord;ホエルオー;Whaloh;고래왕;吼鯨王;吼鲸王
Numel;Camaub;Chamallot;ドンメル;Donmel;둔타;呆火駝;呆火驼
Camerupt;Camerupt;Camérupt;バクーダ;Bakuuda;폭타;噴火駝;喷火驼
Torkoal;Qurtel;Chartor;コータス;Cotoise;코터스;煤炭龜;煤炭龟
Spoink;Spoink;Spoink;バネブー;Baneboo;피그점프;跳跳豬;跳跳猪
Grumpig;Groink;Groret;ブーピッグ;Boopig;피그킹;噗噗豬;噗噗猪
Spinda;Pandir;Spinda;パッチール;Patcheel;얼루기;晃晃斑;晃晃斑
Trapinch;Knacklion;Kraknoix;ナックラー;Nuckrar;톱치;大顎蟻;大颚蚁
Vibrava;Vibrava;Vibraninf;ビブラーバ;Vibrava;비브라바;超音波幼蟲;超音波幼虫
Flygon;Libelldra;Libégon;フライゴン;Flygon;플라이곤;沙漠蜻蜓;沙漠蜻蜓
Cacnea;Tuska;Cacnea;サボネア;Sabonea;선인왕;刺球仙人掌;刺球仙人掌
Cacturne;Noktuska;Cacturne;ノクタス;Noctus;밤선인;夢歌仙人掌;梦歌仙人掌
Swablu;Wablu;Tylton;チルット;Tyltto;파비코;青綿鳥;青绵鸟
Altaria;Altaria;Altaria;チルタリス;Tyltalis;파비코리;七夕青鳥;七夕青鸟
Zangoose;Sengo;Mangriff;ザングース;Zangoose;쟝고;貓鼬斬;猫鼬斩
Seviper;Vipitis;Séviper;ハブネーク;Habunake;세비퍼;飯匙蛇;饭匙蛇
Lunatone;Lunastein;Séléroc;ルナトーン;Lunatone;루나톤;月石;月石
Solrock;Sonnfel;Solaroc;ソルロック;Solrock;솔록;太陽岩;太阳岩
Barboach;Schmerbe;Barloche;ドジョッチ;Dojoach;미꾸리;泥泥鰍;泥泥鳅
Whiscash;Welsar;Barbicha;ナマズン;Namazun;메깅;鯰魚王;鲶鱼王
Corphish;Krebscorps;Écrapince;ヘイガニ;Heigani;가재군;龍蝦小兵;龙虾小兵
Crawdaunt;Krebutack;Colhomard;シザリガー;Shizariger;가재장군;鐵螯龍蝦;铁螯龙虾
Baltoy;Puppance;Balbuto;ヤジロン;Yajilon;오뚝군;天秤偶;天秤偶
Claydol;Lepumentas;Kaorine;ネンドール;Nendoll;점토도리;念力土偶;念力土偶
Lileep;Liliep;Lilia;リリーラ;Lilyla;릴링;觸手百合;触手百合
Cradily;Wielie;Vacilys;ユレイドル;Yuradle;릴리요;搖籃百合;摇篮百合
Anorith;Anorith;Anorith;アノプス;Anopth;아노딥스;太古羽蟲;太古羽虫
Armaldo;Armaldo;Armaldo;アーマルド;Armaldo;아말도;太古盔甲;太古盔甲
Feebas;Barschwa;Barpau;ヒンバス;Hinbass;빈티나;醜醜魚;丑丑鱼
Milotic;Milotic;Milobellus;ミロカロス;Milokaross;밀로틱;美納斯;美纳斯
Castform;Formeo;Morphéo;ポワルン;Powalen;캐스퐁;飄浮泡泡;飘浮泡泡
Kecleon;Kecleon;Kecleon;カクレオン;Kakureon;켈리몬;變隱龍;变隐龙
Shuppet;Shuppet;Polichombr;カゲボウズ;Kagebouzu;어둠대신;怨影娃娃;怨影娃娃
Banette;Banette;Branette;ジュペッタ;Juppeta;다크펫;詛咒娃娃;诅咒娃娃
Duskull;Zwirrlicht;Skelénox;ヨマワル;Yomawaru;해골몽;夜巡靈;夜巡灵
Dusclops;Zwirrklop;Téraclope;サマヨール;Samayouru;미라몽;彷徨夜靈;彷徨夜灵
Tropius;Tropius;Tropius;トロピウス;Tropius;트로피우스;熱帶龍;热带龙
Chimecho;Palimpalim;Éoko;チリーン;Chirean;치렁;風鈴鈴;风铃铃
Absol;Absol;Absol;アブソル;Absol;앱솔;阿勃梭魯;阿勃梭鲁
Wynaut;Isso;Okéoké;ソーナノ;Sohnano;마자;小果然;小果然
Snorunt;Schneppke;Stalgamin;ユキワラシ;Yukiwarashi;눈꼬마;雪童子;雪童子
Glalie;Firnontor;Oniglali;オニゴーリ;Onigohri;얼음귀신;冰鬼護;冰鬼护
Spheal;Seemops;Obalie;タマザラシ;Tamazarashi;대굴레오;海豹球;海豹球
Sealeo;Seejong;Phogleur;トドグラー;Todoggler;씨레오;海魔獅;海魔狮
Walrein;Walraisa;Kaimorse;トドゼルガ;Todoseruga;씨카이저;帝牙海獅;帝牙海狮
Clamperl;Perlu;Coquiperl;パールル;Pearlulu;진주몽;珍珠貝;珍珠贝
Huntail;Aalabyss;Serpang;ハンテール;Huntail;헌테일;獵斑魚;猎斑鱼
Gorebyss;Saganabyss;Rosabyss;サクラビス;Sakurabyss;분홍장이;櫻花魚;樱花鱼
Relicanth;Relicanth;Relicanth;ジーランス;Glanth;시라칸;古空棘魚;古空棘鱼
Luvdisc;Liebiskus;Lovdisc;ラブカス;Lovecus;사랑동이;愛心魚;爱心鱼
Bagon;Kindwurm;Draby;タツベイ;Tatsubay;아공이;寶貝龍;宝贝龙
Shelgon;Draschel;Drackhaus;コモルー;Komoruu;쉘곤;甲殼龍;甲壳龙
Salamence;Brutalanda;Drattak;ボーマンダ;Bohmander;보만다;暴飛龍;暴飞龙
Beldum;Tanhel;Terhal;ダンバル;Dumbber;메탕;鐵啞鈴;铁哑铃
Metang;Metang;Métang;メタング;Metang;메탕구;金屬怪;金属怪
Metagross;Metagross;Métalosse;メタグロス;Metagross;메타그로스;巨金怪;巨金怪
Regirock;Regirock;Regirock;レジロック;Regirock;레지락;雷吉洛克;雷吉洛克
Regice;Regice;Regice;レジアイス;Regice;레지아이스;雷吉艾斯;雷吉艾斯
Registeel;Registeel;Registeel;レジスチル;Registeel;레지스틸;雷吉斯奇魯;雷吉斯奇鲁
Latias;Latias;Latias;ラティアス;Latias;라티아스;拉帝亞斯;拉帝亚斯
Latios;Latios;Latios;ラティオス;Latios;라티오스;拉帝歐斯;拉帝欧斯
Kyogre;Kyogre;Kyogre;カイオーガ;Kyogre;가이오가;蓋歐卡;盖欧卡
Groudon;Groudon;Groudon;グラードン;Groudon;그란돈;固拉多;固拉多
Rayquaza;Rayquaza;Rayquaza;レックウザ;Rayquaza;레쿠쟈;烈空坐;烈空坐
Jirachi;Jirachi;Jirachi;ジラーチ;Jirachi;지라치;基拉祈;基拉祈
Deoxys;Deoxys;Deoxys;デオキシス;Deoxys;테오키스;代歐奇希斯;代欧奇希斯
Turtwig;Chelast;Tortipouss;ナエトル;Naetle;모부기;草苗龜;草苗龟
Grotle;Chelcarain;Boskara;ハヤシガメ;Hayashigame;수풀부기;樹林龜;树林龟
Torterra;Chelterrar;Torterra;ドダイトス;Dodaitose;토대부기;土台龜;土台龟
Chimchar;Panflam;Ouisticram;ヒコザル;Hikozaru;불꽃숭이;小火焰猴;小火焰猴
Monferno;Panpyro;Chimpenfeu;モウカザル;Moukazaru;파이숭이;猛火猴;猛火猴
Infernape;Panferno;Simiabraz;ゴウカザル;Goukazaru;초염몽;烈焰猴;烈焰猴
Piplup;Plinfa;Tiplouf;ポッチャマ;Pochama;팽도리;波加曼;波加曼
Prinplup;Pliprin;Prinplouf;ポッタイシ;Pottaishi;팽태자;波皇子;波皇子
Empoleon;Impoleon;Pingoléon;エンペルト;Emperte;엠페르트;帝王拿波;帝王拿波
Starly;Staralili;Étourmi;ムックル;Mukkuru;찌르꼬;姆克兒;姆克儿
Staravia;Staravia;Étourvol;ムクバード;Mukubird;찌르버드;姆克鳥;姆克鸟
Staraptor;Staraptor;Étouraptor;ムクホーク;Mukuhawk;찌르호크;姆克鷹;姆克鹰
Bidoof;Bidiza;Keunotor;ビッパ;Bippa;비버니;大牙狸;大牙狸
Bibarel;Bidifas;Castorno;ビーダル;Beadaru;비버통;大尾狸;大尾狸
Kricketot;Zirpurze;Crikzik;コロボーシ;Korobohshi;귀뚤뚜기;圓法師;圆法师
Kricketune;Zirpeise;Mélokrik;コロトック;Korotock;귀뚤톡크;音箱蟀;音箱蟀
Shinx;Sheinux;Lixy;コリンク;Kolink;꼬링크;小貓怪;小猫怪
Luxio;Luxio;Luxio;ルクシオ;Luxio;럭시오;勒克貓;勒克猫
Luxray;Luxtra;Luxray;レントラー;Rentorar;렌트라;倫琴貓;伦琴猫
Budew;Knospi;Rozbouton;スボミー;Subomie;꼬몽울;含羞苞;含羞苞
Roserade;Roserade;Roserade;ロズレイド;Roserade;로즈레이드;羅絲雷朵;罗丝雷朵
Cranidos;Koknodon;Kranidos;ズガイドス;Zugaidos;두개도스;頭蓋龍;头盖龙
Rampardos;Rameidon;Charkos;ラムパルド;Rampald;램펄드;戰槌龍;战槌龙
Shieldon;Schilterus;Dinoclier;タテトプス;Tatetops;방패톱스;盾甲龍;盾甲龙
Bastiodon;Bollterus;Bastiodon;トリデプス;Torideps;바리톱스;護城龍;护城龙
Burmy;Burmy;Cheniti;ミノムッチ;Minomucchi;도롱충이;結草兒;结草儿
Wormadam;Burmadame;Cheniselle;ミノマダム;Minomadam;도롱마담;結草貴婦;结草贵妇
Mothim;Moterpel;Papilord;ガーメイル;Gamale;나메일;紳士蛾;绅士蛾
Combee;Wadribie;Apitrini;ミツハニー;Mitsuhoney;세꿀버리;三蜜蜂;三蜜蜂
Vespiquen;Honweisel;Apireine;ビークイン;Beequen;비퀸;蜂女王;蜂女王
Pachirisu;Pachirisu;Pachirisu;パチリス;Pachirisu;파치리스;帕奇利茲;帕奇利兹
Buizel;Bamelin;Mustébouée;ブイゼル;Buoysel;브이젤;泳圈鼬;泳圈鼬
Floatzel;Bojelin;Mustéflott;フローゼル;Floazel;플로젤;浮潛鼬;浮潜鼬
Cherubi;Kikugi;Ceribou;チェリンボ;Cherinbo;체리버;櫻花寶;樱花宝
Cherrim;Kinoso;Ceriflor;チェリム;Cherrim;체리꼬;櫻花兒;樱花儿
Shellos;Schalellos;Sancoki;カラナクシ;Karanakushi;깝질무;無殼海兔;无壳海兔
Gastrodon;Gastrodon;Tritosor;トリトドン;Tritodon;트리토돈;海兔獸;海兔兽
Ambipom;Ambidiffel;Capidextre;エテボース;Eteboth;겟핸보숭;雙尾怪手;双尾怪手
Drifloon;Driftlon;Baudrive;フワンテ;Fuwante;흔들풍손;飄飄球;飘飘球
Drifblim;Drifzepeli;Grodrive;フワライド;Fuwaride;둥실라이드;隨風球;随风球
Buneary;Haspiror;Laporeille;ミミロル;Mimirol;이어롤;捲捲耳;卷卷耳
Lopunny;Schlapor;Lockpin;ミミロップ;Mimilop;이어롭;長耳兔;长耳兔
Mismagius;Traunmagil;Magirêve;ムウマージ;Mumargi;무우마직;夢妖魔;梦妖魔
Honchkrow;Kramshef;Corboss;ドンカラス;Dongkarasu;돈크로우;烏鴉頭頭;乌鸦头头
Glameow;Charmian;Chaglam;ニャルマー;Nyarmar;나옹마;魅力喵;魅力喵
Purugly;Shnurgarst;Chaffreux;ブニャット;Bunyatto;몬냥이;東施喵;东施喵
Chingling;Klingplim;Korillon;リーシャン;Lisyan;랑딸랑;鈴鐺響;铃铛响
Stunky;Skunkapuh;Moufouette;スカンプー;Skunpuu;스컹뿡;臭鼬噗;臭鼬噗
Skuntank;Skuntank;Moufflair;スカタンク;Skutank;스컹탱크;坦克臭鼬;坦克臭鼬
Bronzor;Bronzel;Archéomire;ドーミラー;Dohmirror;동미러;銅鏡怪;铜镜怪
Bronzong;Bronzong;Archéodong;ドータクン;Dohtakun;동탁군;青銅鐘;青铜钟
Bonsly;Mobai;Manzaï;ウソハチ;Usohachi;꼬지지;盆才怪;盆才怪
Mime Jr.;Pantimimi;Mime Jr.;マネネ;Manene;흉내내;魔尼尼;魔尼尼
Happiny;Wonneira;Ptiravi;ピンプク;Pinpuku;핑복;小福蛋;小福蛋
Chatot;Plaudagei;Pijako;ペラップ;Perap;페라페;聒噪鳥;聒噪鸟
Spiritomb;Kryppuk;Spiritomb;ミカルゲ;Mikaruge;화강돌;花岩怪;花岩怪
Gible;Kaumalat;Griknot;フカマル;Fukamaru;딥상어동;圓陸鯊;圆陆鲨
Gabite;Knarksel;Carmache;ガバイト;Gabite;한바이트;尖牙陸鯊;尖牙陆鲨
Garchomp;Knakrack;Carchacrok;ガブリアス;Gaburias;한카리아스;烈咬陸鯊;烈咬陆鲨
Munchlax;Mampfaxo;Goinfrex;ゴンベ;Gonbe;먹고자;小卡比獸;小卡比兽
Riolu;Riolu;Riolu;リオル;Riolu;리오르;利歐路;利欧路
Lucario;Lucario;Lucario;ルカリオ;Lucario;루카리오;路卡利歐;路卡利欧
Hippopotas;Hippopotas;Hippopotas;ヒポポタス;Hippopotas;히포포타스;沙河馬;沙河马
Hippowdon;Hippoterus;Hippodocus;カバルドン;Kabaldon;하마돈;河馬獸;河马兽
Skorupi;Pionskora;Rapion;スコルピ;Scorupi;스콜피;鉗尾蠍;钳尾蝎
Drapion;Piondragi;Drascore;ドラピオン;Dorapion;드래피온;龍王蠍;龙王蝎
Croagunk;Glibunkel;Cradopaud;グレッグル;Gureggru;삐딱구리;不良蛙;不良蛙
Toxicroak;Toxiquak;Coatox;ドクロッグ;Dokurog;독개굴;毒骷蛙;毒骷蛙
Carnivine;Venuflibis;Vortente;マスキッパ;Muskippa;무스틈니;尖牙籠;尖牙笼
Finneon;Finneon;Écayon;ケイコウオ;Keikouo;형광어;螢光魚;荧光鱼
Lumineon;Lumineon;Luminéon;ネオラント;Neolant;네오라이트;霓虹魚;霓虹鱼
Mantyke;Mantirps;Babimanta;タマンタ;Tamanta;타만타;小球飛魚;小球飞鱼
Snover;Shnebedeck;Blizzi;ユキカブリ;Yukikaburi;눈쓰개;雪笠怪;雪笠怪
Abomasnow;Rexblisar;Blizzaroi;ユキノオー;Yukinooh;눈설왕;暴雪王;暴雪王
Weavile;Snibunna;Dimoret;マニューラ;Manyula;포푸니라;瑪狃拉;玛狃拉
Magnezone;Magnezone;Magnézone;ジバコイル;Jibacoil;자포코일;自爆磁怪;自爆磁怪
Lickilicky;Schlurplek;Coudlangue;ベロベルト;Berobelt;내룸벨트;大舌舔;大舌舔
Rhyperior;Rihornior;Rhinastoc;ドサイドン;Dosidon;거대코뿌리;超甲狂犀;超甲狂犀
Tangrowth;Tangoloss;Bouldeneu;モジャンボ;Mojumbo;덩쿠림보;巨蔓藤;巨蔓藤
Electivire;Elevoltek;Élekable;エレキブル;Elekible;에레키블;電擊魔獸;电击魔兽
Magmortar;Magbrant;Maganon;ブーバーン;Booburn;마그마번;鴨嘴炎獸;鸭嘴炎兽
Togekiss;Togekiss;Togekiss;トゲキッス;Togekiss;토게키스;波克基斯;波克基斯
Yanmega;Yanmega;Yanméga;メガヤンマ;Megayanma;메가자리;遠古巨蜓;远古巨蜓
Leafeon;Folipurba;Phyllali;リーフィア;Leafia;리피아;葉伊布;叶伊布
Glaceon;Glaziola;Givrali;グレイシア;Glacia;글레이시아;冰伊布;冰伊布
Gliscor;Skorgro;Scorvol;グライオン;Glion;글라이온;天蠍王;天蝎王
Mamoswine;Mamutel;Mammochon;マンムー;Mammoo;맘모꾸리;象牙豬;象牙猪
Porygon-Z;Porygon-Z;Porygon-Z;ポリゴンＺ;Porygon-Z;폴리곤Z;多邊獸Ｚ;多边兽乙型
Gallade;Galagladi;Gallame;エルレイド;Erureido;엘레이드;艾路雷朵;艾路雷朵
Probopass;Voluminas;Tarinorme;ダイノーズ;Dainose;대코파스;大朝北鼻;大朝北鼻
Dusknoir;Zwirrfinst;Noctunoir;ヨノワール;Yonoir;야느와르몽;黑夜魔靈;黑夜魔灵
Froslass;Frosdedje;Momartik;ユキメノコ;Yukimenoko;눈여아;雪妖女;雪妖女
Rotom;Rotom;Motisma;ロトム;Rotom;로토무;洛托姆;洛托姆
Uxie;Selfe;Créhelf;ユクシー;Yuxie;유크시;由克希;由克希
Mesprit;Vesprit;Créfollet;エムリット;Emrit;엠라이트;艾姆利多;艾姆利多
Azelf;Tobutz;Créfadet;アグノム;Agnome;아그놈;亞克諾姆;亚克诺姆
Dialga;Dialga;Dialga;ディアルガ;Dialga;디아루가;帝牙盧卡;帝牙卢卡
Palkia;Palkia;Palkia;パルキア;Palkia;펄기아;帕路奇亞;帕路奇亚
Heatran;Heatran;Heatran;ヒードラン;Heatran;히드런;席多藍恩;席多蓝恩
Regigigas;Regigigas;Regigigas;レジギガス;Regigigas;레지기가스;雷吉奇卡斯;雷吉奇卡斯
Giratina;Giratina;Giratina;ギラティナ;Giratina;기라티나;騎拉帝納;骑拉帝纳
Cresselia;Cresselia;Cresselia;クレセリア;Cresselia;크레세리아;克雷色利亞;克雷色利亚
Phione;Phione;Phione;フィオネ;Phione;피오네;霏歐納;霏欧纳
Manaphy;Manaphy;Manaphy;マナフィ;Manaphy;마나피;瑪納霏;玛纳霏
Darkrai;Darkrai;Darkrai;ダークライ;Darkrai;다크라이;達克萊伊;达克莱伊
Shaymin;Shaymin;Shaymin;シェイミ;Shaymin;쉐이미;謝米;谢米
Arceus;Arceus;Arceus;アルセウス;Arceus;아르세우스;阿爾宙斯;阿尔宙斯
Victini;Victini;Victini;ビクティニ;Victini;비크티니;比克提尼;比克提尼
Snivy;Serpifeu;Vipélierre;ツタージャ;Tsutarja;주리비얀;藤藤蛇;藤藤蛇
Servine;Efoserp;Lianaja;ジャノビー;Janovy;샤비;青藤蛇;青藤蛇
Serperior;Serpiroyal;Majaspic;ジャローダ;Jalorda;샤로다;君主蛇;君主蛇
Tepig;Floink;Gruikui;ポカブ;Pokabu;뚜꾸리;暖暖豬;暖暖猪
Pignite;Ferkokel;Grotichon;チャオブー;Chaoboo;챠오꿀;炒炒豬;炒炒猪
Emboar;Flambirex;Roitiflam;エンブオー;Enbuoh;염무왕;炎武王;炎武王
Oshawott;Ottaro;Moustillon;ミジュマル;Mijumaru;수댕이;水水獺;水水獭
Dewott;Zwottronin;Mateloutre;フタチマル;Futachimaru;쌍검자비;雙刃丸;双刃丸
Samurott;Admurai;Clamiral;ダイケンキ;Daikenki;대검귀;大劍鬼;大剑鬼
Patrat;Nagelotz;Ratentif;ミネズミ;Minezumi;보르쥐;探探鼠;探探鼠
Watchog;Kukmarda;Miradar;ミルホッグ;Miruhog;보르그;步哨鼠;步哨鼠
Lillipup;Yorkleff;Ponchiot;ヨーテリー;Yorterrie;요테리;小約克;小约克
Herdier;Terribark;Ponchien;ハーデリア;Herderrie;하데리어;哈約克;哈约克
Stoutland;Bissbark;Mastouffe;ムーランド;Mooland;바랜드;長毛狗;长毛狗
Purrloin;Felilou;Chacripan;チョロネコ;Choroneko;쌔비냥;扒手貓;扒手猫
Liepard;Kleoparda;Léopardus;レパルダス;Lepardas;레파르다스;酷豹;酷豹
Pansage;Vegimak;Feuillajou;ヤナップ;Yanappu;야나프;花椰猴;花椰猴
Simisage;Vegichita;Feuiloutan;ヤナッキー;Yanakkie;야나키;花椰猿;花椰猿
Pansear;Grillmak;Flamajou;バオップ;Baoppu;바오프;爆香猴;爆香猴
Simisear;Grillchita;Flamoutan;バオッキー;Baokkie;바오키;爆香猿;爆香猿
Panpour;Sodamak;Flotajou;ヒヤップ;Hiyappu;앗차프;冷水猴;冷水猴
Simipour;Sodachita;Flotoutan;ヒヤッキー;Hiyakkie;앗차키;冷水猿;冷水猿
Munna;Somniam;Munna;ムンナ;Munna;몽나;食夢夢;食梦梦
Musharna;Somnivora;Mushana;ムシャーナ;Musharna;몽얌나;夢夢蝕;梦梦蚀
Pidove;Dusselgurr;Poichigeon;マメパト;Mamepato;콩둘기;豆豆鴿;豆豆鸽
Tranquill;Navitaub;Colombeau;ハトーボー;Hatoboh;유토브;咕咕鴿;咕咕鸽
Unfezant;Fasasnob;Déflaisan;ケンホロウ;Kenhallow;켄호로우;高傲雉雞;高傲雉鸡
Blitzle;Elezeba;Zébribon;シママ;Shimama;줄뮤마;斑斑馬;斑斑马
Zebstrika;Zebritz;Zéblitz;ゼブライカ;Zebraika;제브라이카;雷電斑馬;雷电斑马
Roggenrola;Kiesling;Nodulithe;ダンゴロ;Dangoro;단굴;石丸子;石丸子
Boldore;Sedimantur;Géolithe;ガントル;Gantle;암트르;地幔岩;地幔岩
Gigalith;Brockoloss;Gigalithe;ギガイアス;Gigaiath;기가이어스;龐岩怪;庞岩怪
Woobat;Fleknoil;Chovsourir;コロモリ;Koromori;또르박쥐;滾滾蝙蝠;滚滚蝙蝠
Swoobat;Fletiamo;Rhinolove;ココロモリ;Kokoromori;맘박쥐;心蝙蝠;心蝙蝠
Drilbur;Rotomurf;Rototaupe;モグリュー;Mogurew;두더류;螺釘地鼠;螺钉地鼠
Excadrill;Stalobor;Minotaupe;ドリュウズ;Doryuzu;몰드류;龍頭地鼠;龙头地鼠
Audino;Ohrdoch;Nanméouïe;タブンネ;Tabunne;다부니;差不多娃娃;差不多娃娃
Timburr;Praktibalk;Charpenti;ドッコラー;Dokkorer;으랏차;搬運小匠;搬运小匠
Gurdurr;Strepoli;Ouvrifier;ドテッコツ;Dotekkotsu;토쇠골;鐵骨土人;铁骨土人
Conkeldurr;Meistagrif;Bétochef;ローブシン;Roubushin;노보청;修建老匠;修建老匠
Tympole;Schallquap;Tritonde;オタマロ;Otamaro;동챙이;圓蝌蚪;圆蝌蚪
Palpitoad;Mebrana;Batracné;ガマガル;Gamagaru;두까비;藍蟾蜍;蓝蟾蜍
Seismitoad;Branawarz;Crapustule;ガマゲロゲ;Gamageroge;두빅굴;蟾蜍王;蟾蜍王
Throh;Jiutesto;Judokrak;ナゲキ;Nageki;던지미;投摔鬼;投摔鬼
Sawk;Karadonis;Karaclée;ダゲキ;Dageki;타격귀;打擊鬼;打击鬼
Sewaddle;Strawickl;Larveyette;クルミル;Kurumiru;두르보;蟲寶包;虫宝包
Swadloon;Folikon;Couverdure;クルマユ;Kurumayu;두르쿤;寶包繭;宝包茧
Leavanny;Matrifol;Manternel;ハハコモリ;Hahakomori;모아머;保母蟲;保姆虫
Venipede;Toxiped;Venipatte;フシデ;Fushide;마디네;百足蜈蚣;百足蜈蚣
Whirlipede;Rollum;Scobolide;ホイーガ;Wheega;휠구;車輪毬;车轮球
Scolipede;Cerapendra;Brutapode;ペンドラー;Pendror;펜드라;蜈蚣王;蜈蚣王
Cottonee;Waumboll;Doudouvet;モンメン;Monmen;소미안;木棉球;木棉球
Whimsicott;Elfun;Farfaduvet;エルフーン;Elfuun;엘풍;風妖精;风妖精
Petilil;Lilminip;Chlorobule;チュリネ;Churine;치릴리;百合根娃娃;百合根娃娃
Lilligant;Dressella;Fragilady;ドレディア;Dredear;드레디어;裙兒小姐;裙儿小姐
Basculin;Barschuft;Bargantua;バスラオ;Bassrao;배쓰나이;野蠻鱸魚;野蛮鲈鱼
Sandile;Ganovil;Mascaïman;メグロコ;Meguroco;깜눈크;黑眼鱷;黑眼鳄
Krokorok;Rokkaiman;Escroco;ワルビル;Waruvile;악비르;混混鱷;混混鳄
Krookodile;Rabigator;Crocorible;ワルビアル;Waruvial;악비아르;流氓鱷;流氓鳄
Darumaka;Flampion;Darumarond;ダルマッカ;Darumakka;달막화;火紅不倒翁;火红不倒翁
Darmanitan;Flampivian;Darumacho;ヒヒダルマ;Hihidaruma;불비달마;達摩狒狒;达摩狒狒
Maractus;Maracamba;Maracachi;マラカッチ;Maracacchi;마라카치;沙鈴仙人掌;沙铃仙人掌
Dwebble;Lithomith;Crabicoque;イシズマイ;Ishizumai;돌살이;石居蟹;石居蟹
Crustle;Castellith;Crabaraque;イワパレス;Iwapalace;암팰리스;岩殿居蟹;岩殿居蟹
Scraggy;Zurrokex;Baggiguane;ズルッグ;Zuruggu;곤율랭;滑滑小子;滑滑小子
Scrafty;Irokex;Baggaïd;ズルズキン;Zuruzukin;곤율거니;頭巾混混;头巾混混
Sigilyph;Symvolara;Cryptéro;シンボラー;Symboler;심보러;象徵鳥;象征鸟
Yamask;Makabaja;Tutafeh;デスマス;Desumasu;데스마스;哭哭面具;哭哭面具
Cofagrigus;Echnatoll;Tutankafer;デスカーン;Desukarn;데스니칸;死神棺;死神棺
Tirtouga;Galapaflos;Carapagos;プロトーガ;Protoga;프로토가;原蓋海龜;原盖海龟
Carracosta;Karippas;Mégapagos;アバゴーラ;Abagoura;늑골라;肋骨海龜;肋骨海龟
Archen;Flapteryx;Arkéapti;アーケン;Archen;아켄;始祖小鳥;始祖小鸟
Archeops;Aeropteryx;Aéroptéryx;アーケオス;Archeos;아케오스;始祖大鳥;始祖大鸟
Trubbish;Unratütox;Miamiasme;ヤブクロン;Yabukuron;깨봉이;破破袋;破破袋
Garbodor;Deponitox;Miasmax;ダストダス;Dustdas;더스트나;灰塵山;灰尘山
Zorua;Zorua;Zorua;ゾロア;Zorua;조로아;索羅亞;索罗亚
Zoroark;Zoroark;Zoroark;ゾロアーク;Zoroark;조로아크;索羅亞克;索罗亚克
Minccino;Picochilla;Chinchidou;チラーミィ;Chillarmy;치라미;泡沫栗鼠;泡沫栗鼠
Cinccino;Chillabell;Pashmilla;チラチーノ;Chillaccino;치라치노;奇諾栗鼠;奇诺栗鼠
Gothita;Mollimorba;Scrutella;ゴチム;Gothimu;고디탱;哥德寶寶;哥德宝宝
Gothorita;Hypnomorba;Mesmérella;ゴチミル;Gothimiru;고디보미;哥德小童;哥德小童
Gothitelle;Morbitesse;Sidérella;ゴチルゼル;Gothiruselle;고디모아젤;哥德小姐;哥德小姐
Solosis;Monozyto;Nucléos;ユニラン;Uniran;유니란;單卵細胞球;单卵细胞球
Duosion;Mitodos;Méios;ダブラン;Doublan;듀란;雙卵細胞球;双卵细胞球
Reuniclus;Zytomega;Symbios;ランクルス;Lanculus;란쿨루스;人造細胞卵;人造细胞卵
Ducklett;Piccolente;Couaneton;コアルヒー;Koaruhie;꼬지보리;鴨寶寶;鸭宝宝
Swanna;Swaroness;Lakmécygne;スワンナ;Swanna;스완나;舞天鵝;舞天鹅
Vanillite;Gelatini;Sorbébé;バニプッチ;Vanipeti;바닐프티;迷你冰;迷你冰
Vanillish;Gelatroppo;Sorboul;バニリッチ;Vanirich;바닐리치;多多冰;多多冰
Vanilluxe;Gelatwino;Sorbouboul;バイバニラ;Baivanilla;배바닐라;雙倍多多冰;双倍多多冰
Deerling;Sesokitz;Vivaldaim;シキジカ;Shikijika;사철록;四季鹿;四季鹿
Sawsbuck;Kronjuwild;Haydaim;メブキジカ;Mebukijika;바라철록;萌芽鹿;萌芽鹿
Emolga;Emolga;Emolga;エモンガ;Emonga;에몽가;電飛鼠;电飞鼠
Karrablast;Laukaps;Carabing;カブルモ;Kaburumo;딱정곤;蓋蓋蟲;盖盖虫
Escavalier;Cavalanzas;Lançargot;シュバルゴ;Chevargo;슈바르고;騎士蝸牛;骑士蜗牛
Foongus;Tarnpignon;Trompignon;タマゲタケ;Tamagetake;깜놀버슬;哎呀球菇;哎呀球菇
Amoonguss;Hutsassa;Gaulet;モロバレル;Morobareru;뽀록나;敗露球菇;败露球菇
Frillish;Quabbel;Viskuse;プルリル;Pururill;탱그릴;輕飄飄;轻飘飘
Jellicent;Apoquallyp;Moyade;ブルンゲル;Burungel;탱탱겔;胖嘟嘟;胖嘟嘟
Alomomola;Mamolida;Mamanbo;ママンボウ;Mamanbou;맘복치;保母曼波;保姆曼波
Joltik;Wattzapf;Statitik;バチュル;Bachuru;피쪼옥;電電蟲;电电虫
Galvantula;Voltula;Mygavolt;デンチュラ;Dentula;전툴라;電蜘蛛;电蜘蛛
Ferroseed;Kastadur;Grindur;テッシード;Tesseed;철시드;種子鐵球;种子铁球
Ferrothorn;Tentantel;Noacier;ナットレイ;Nutrey;너트령;堅果啞鈴;坚果哑铃
Klink;Klikk;Tic;ギアル;Giaru;기어르;齒輪兒;齿轮儿
Klang;Kliklak;Clic;ギギアル;Gigiaru;기기어르;齒輪組;齿轮组
Klinklang;Klikdiklak;Cliticlic;ギギギアル;Gigigiaru;기기기어르;齒輪怪;齿轮怪
Tynamo;Zapplardin;Anchwatt;シビシラス;Shibishirasu;저리어;麻麻小魚;麻麻小鱼
Eelektrik;Zapplalek;Lampéroie;シビビール;Shibibeel;저리릴;麻麻鰻;麻麻鳗
Eelektross;Zapplarang;Ohmassacre;シビルドン;Shibirudon;저리더프;麻麻鰻魚王;麻麻鳗鱼王
Elgyem;Pygraulon;Lewsor;リグレー;Ligray;리그레;小灰怪;小灰怪
Beheeyem;Megalon;Neitram;オーベム;Ohbem;벰크;大宇怪;大宇怪
Litwick;Lichtel;Funécire;ヒトモシ;Hitomoshi;불켜미;燭光靈;烛光灵
Lampent;Laternecto;Mélancolux;ランプラー;Lampler;램프라;燈火幽靈;灯火幽灵
Chandelure;Skelabra;Lugulabre;シャンデラ;Chandela;샹델라;水晶燈火靈;水晶灯火灵
Axew;Milza;Coupenotte;キバゴ;Kibago;터검니;牙牙;牙牙
Fraxure;Sharfax;Incisache;オノンド;Onondo;액슨도;斧牙龍;斧牙龙
Haxorus;Maxax;Tranchodon;オノノクス;Ononokus;액스라이즈;雙斧戰龍;双斧战龙
Cubchoo;Petznief;Polarhume;クマシュン;Kumasyun;코고미;噴嚏熊;喷嚏熊
Beartic;Siberio;Polagriffe;ツンベアー;Tunbear;툰베어;凍原熊;冻原熊
Cryogonal;Frigometri;Hexagel;フリージオ;Freegeo;프리지오;幾何雪花;几何雪花
Shelmet;Schnuthelm;Escargaume;チョボマキ;Chobomaki;쪼마리;小嘴蝸;小嘴蜗
Accelgor;Hydragil;Limaspeed;アギルダー;Agilder;어지리더;敏捷蟲;敏捷虫
Stunfisk;Flunschlik;Limonde;マッギョ;Maggyo;메더;泥巴魚;泥巴鱼
Mienfoo;Lin-Fu;Kungfouine;コジョフー;Kojofu;비조푸;功夫鼬;功夫鼬
Mienshao;Wie-Shu;Shaofouine;コジョンド;Kojondo;비조도;師父鼬;师父鼬
Druddigon;Shardrago;Drakkarmin;クリムガン;Crimgan;크리만;赤面龍;赤面龙
Golett;Golbit;Gringolem;ゴビット;Gobit;골비람;泥偶小人;泥偶小人
Golurk;Golgantes;Golemastoc;ゴルーグ;Goloog;골루그;泥偶巨人;泥偶巨人
Pawniard;Gladiantri;Scalpion;コマタナ;Komatana;자망칼;駒刀小兵;驹刀小兵
Bisharp;Caesurio;Scalproie;キリキザン;Kirikizan;절각참;劈斬司令;劈斩司令
Bouffalant;Bisofank;Frison;バッフロン;Buffron;버프론;爆炸頭水牛;爆炸头水牛
Rufflet;Geronimatz;Furaiglon;ワシボン;Washibon;수리둥보;毛頭小鷹;毛头小鹰
Braviary;Washakwil;Gueriaigle;ウォーグル;Warrgle;워글;勇士雄鷹;勇士雄鹰
Vullaby;Skallyk;Vostourno;バルチャイ;Valchai;벌차이;禿鷹丫頭;秃鹰丫头
Mandibuzz;Grypheldis;Vaututrice;バルジーナ;Vulgina;버랜지나;禿鷹娜;秃鹰娜
Heatmor;Furnifraß;Aflamanoir;クイタラン;Kuitaran;앤티골;熔蟻獸;熔蚁兽
Durant;Fermicula;Fermite;アイアント;Aiant;아이앤트;鐵蟻;铁蚁
Deino;Kapuno;Solochi;モノズ;Monozu;모노두;單首龍;单首龙
Zweilous;Duodino;Diamat;ジヘッド;Dihead;디헤드;雙首暴龍;双首暴龙
Hydreigon;Trikephalo;Trioxhydre;サザンドラ;Sazandora;삼삼드래;三首惡龍;三首恶龙
Larvesta;Ignivor;Pyronille;メラルバ;Merlarva;활화르바;燃燒蟲;燃烧虫
Volcarona;Ramoth;Pyrax;ウルガモス;Ulgamoth;불카모스;火神蛾;火神蛾
Cobalion;Kobalium;Cobaltium;コバルオン;Cobalon;코바르온;勾帕路翁;勾帕路翁
Terrakion;Terrakium;Terrakium;テラキオン;Terrakion;테라키온;代拉基翁;代拉基翁
Virizion;Viridium;Viridium;ビリジオン;Virizion;비리디온;畢力吉翁;毕力吉翁
Tornadus;Boreos;Boréas;トルネロス;Tornelos;토네로스;龍捲雲;龙卷云
Thundurus;Voltolos;Fulguris;ボルトロス;Voltolos;볼트로스;雷電雲;雷电云
Reshiram;Reshiram;Reshiram;レシラム;Reshiram;레시라무;萊希拉姆;莱希拉姆
Zekrom;Zekrom;Zekrom;ゼクロム;Zekrom;제크로무;捷克羅姆;捷克罗姆
Landorus;Demeteros;Démétéros;ランドロス;Landlos;랜드로스;土地雲;土地云
Kyurem;Kyurem;Kyurem;キュレム;Kyurem;큐레무;酋雷姆;酋雷姆
Keldeo;Keldeo;Keldeo;ケルディオ;Keldeo;케르디오;凱路迪歐;凯路迪欧
Meloetta;Meloetta;Meloetta;メロエッタ;Meloetta;메로엣타;美洛耶塔;美洛耶塔
Genesect;Genesect;Genesect;ゲノセクト;Genesect;게노세크트;蓋諾賽克特;盖诺赛克特
Chespin;Igamaro;Marisson;ハリマロン;Harimaron;도치마론;哈力栗;哈力栗
Quilladin;Igastarnish;Boguérisse;ハリボーグ;Hariborg;도치보구;胖胖哈力;胖胖哈力
Chesnaught;Brigaron;Blindépique;ブリガロン;Brigarron;브리가론;布里卡隆;布里卡隆
Fennekin;Fynx;Feunnec;フォッコ;Fokko;푸호꼬;火狐狸;火狐狸
Braixen;Rutena;Roussil;テールナー;Tairenar;테르나;長尾火狐;长尾火狐
Delphox;Fennexis;Goupelin;マフォクシー;Mahoxy;마폭시;妖火紅狐;妖火红狐
Froakie;Froxy;Grenousse;ケロマツ;Keromatsu;개구마르;呱呱泡蛙;呱呱泡蛙
Frogadier;Amphizel;Croâporal;ゲコガシラ;Gekogashira;개굴반장;呱頭蛙;呱头蛙
Greninja;Quajutsu;Amphinobi;ゲッコウガ;Gekkouga;개굴닌자;甲賀忍蛙;甲贺忍蛙
Bunnelby;Scoppel;Sapereau;ホルビー;Horubee;파르빗;掘掘兔;掘掘兔
Diggersby;Grebbit;Excavarenne;ホルード;Horudo;파르토;掘地兔;掘地兔
Fletchling;Dartiri;Passerouge;ヤヤコマ;Yayakoma;화살꼬빈;小箭雀;小箭雀
Fletchinder;Dartignis;Braisillon;ヒノヤコマ;Hinoyakoma;불화살빈;火箭雀;火箭雀
Talonflame;Fiaro;Flambusard;ファイアロー;Fiarrow;파이어로;烈箭鷹;烈箭鹰
Scatterbug;Purmel;Lépidonille;コフキムシ;Kofukimushi;분이벌레;粉蝶蟲;粉蝶虫
Spewpa;Puponcho;Pérégrain;コフーライ;Kofuurai;분떠도리;粉蝶蛹;粉蝶蛹
Vivillon;Vivillon;Prismillon;ビビヨン;Viviyon;비비용;彩粉蝶;彩粉蝶
Litleo;Leufeo;Hélionceau;シシコ;Shishiko;레오꼬;小獅獅;小狮狮
Pyroar;Pyroleo;Némélios;カエンジシ;Kaenjishi;화염레오;火炎獅;火炎狮
Flabébé;Flabébé;Flabébé;フラベベ;Flabebe;플라베베;花蓓蓓;花蓓蓓
Floette;Floette;Floette;フラエッテ;Floette;플라엣테;花葉蒂;花叶蒂
Florges;Florges;Florges;フラージェス;Florges;플라제스;花潔夫人;花洁夫人
Skiddo;Mähikel;Cabriolaine;メェークル;Meecle;메이클;坐騎小羊;坐骑小羊
Gogoat;Chevrumm;Chevroum;ゴーゴート;Gogoat;고고트;坐騎山羊;坐骑山羊
Pancham;Pam-Pam;Pandespiègle;ヤンチャム;Yancham;판짱;頑皮熊貓;顽皮熊猫
Pangoro;Pandagro;Pandarbare;ゴロンダ;Goronda;부란다;流氓熊貓;流氓熊猫
Furfrou;Coiffwaff;Couafarel;トリミアン;Trimmien;트리미앙;多麗米亞;多丽米亚
Espurr;Psiau;Psystigri;ニャスパー;Nyasper;냐스퍼;妙喵;妙喵
Meowstic;Psiaugon;Mistigrix;ニャオニクス;Nyaonix;냐오닉스;超能妙喵;超能妙喵
Honedge;Gramokles;Monorpale;ヒトツキ;Hitotsuki;단칼빙;獨劍鞘;独剑鞘
Doublade;Duokles;Dimoclès;ニダンギル;Nidangill;쌍검킬;雙劍鞘;双剑鞘
Aegislash;Durengard;Exagide;ギルガルド;Gillgard;킬가르도;堅盾劍怪;坚盾剑怪
Spritzee;Parfi;Fluvetin;シュシュプ;Shushupu;슈쁘;粉香香;粉香香
Aromatisse;Parfinesse;Cocotine;フレフワン;Frefuwan;프레프티르;芳香精;芳香精
Swirlix;Flauschling;Sucroquin;ペロッパフ;Peroppafu;나룸퍼프;綿綿泡芙;绵绵泡芙
Slurpuff;Sabbaione;Cupcanaille;ペロリーム;Peroream;나루림;胖甜妮;胖甜妮
Inkay;Iscalar;Sepiatop;マーイーカ;Maaiika;오케이징;好啦魷;好啦鱿
Malamar;Calamanero;Sepiatroce;カラマネロ;Calamanero;칼라마네로;烏賊王;乌贼王
Binacle;Bithora;Opermine;カメテテ;Kametete;거북손손;龜腳腳;龟脚脚
Barbaracle;Thanathora;Golgopathe;ガメノデス;Gamenodes;거북손데스;龜足巨鎧;龟足巨铠
Skrelp;Algitt;Venalgue;クズモー;Kuzumo;수레기;垃垃藻;垃垃藻
Dragalge;Tandrak;Kravarech;ドラミドロ;Dramidoro;드래캄;毒藻龍;毒藻龙
Clauncher;Scampisto;Flingouste;ウデッポウ;Udeppou;완철포;鐵臂槍蝦;铁臂枪虾
Clawitzer;Wummer;Gamblast;ブロスター;Bloster;블로스터;鋼炮臂蝦;钢炮臂虾
Helioptile;Eguana;Galvaran;エリキテル;Erikiteru;목도리키텔;傘電蜥;伞电蜥
Heliolisk;Elezard;Iguolta;エレザード;Elezard;일레도리자드;光電傘蜥;光电伞蜥
Tyrunt;Balgoras;Ptyranidur;チゴラス;Chigoras;티고라스;寶寶暴龍;宝宝暴龙
Tyrantrum;Monargoras;Rexillius;ガチゴラス;Gachigoras;견고라스;怪顎龍;怪颚龙
Amaura;Amarino;Amagara;アマルス;Amarus;아마루스;冰雪龍;冰雪龙
Aurorus;Amagarga;Dragmara;アマルルガ;Amaruruga;아마루르가;冰雪巨龍;冰雪巨龙
Sylveon;Feelinara;Nymphali;ニンフィア;Nymphia;님피아;仙子伊布;仙子伊布
Hawlucha;Resladero;Brutalibré;ルチャブル;Luchabull;루차불;摔角鷹人;摔角鹰人
Dedenne;Dedenne;Dedenne;デデンネ;Dedenne;데덴네;咚咚鼠;咚咚鼠
Carbink;Rocara;Strassie;メレシー;Melecie;멜리시;小碎鑽;小碎钻
Goomy;Viscora;Mucuscule;ヌメラ;Numera;미끄메라;黏黏寶;黏黏宝
Sliggoo;Viscargot;Colimucus;ヌメイル;Numeil;미끄네일;黏美兒;黏美儿
Goodra;Viscogon;Muplodocus;ヌメルゴン;Numelgon;미끄래곤;黏美龍;黏美龙
Klefki;Clavion;Trousselin;クレッフィ;Cleffy;클레피;鑰圈兒;钥圈儿
Phantump;Paragoni;Brocélôme;ボクレー;Bokurei;나목령;小木靈;小木灵
Trevenant;Trombork;Desséliande;オーロット;Ohrot;대로트;朽木妖;朽木妖
Pumpkaboo;Irrbis;Pitrouille;バケッチャ;Bakeccha;호바귀;南瓜精;南瓜精
Gourgeist;Pumpdjinn;Banshitrouye;パンプジン;Pumpjin;펌킨인;南瓜怪人;南瓜怪人
Bergmite;Arktip;Grelaçon;カチコール;Kachikohru;꽁어름;冰寶;冰宝
Avalugg;Arktilas;Séracrawl;クレベース;Crebase;크레베이스;冰岩怪;冰岩怪
Noibat;eF-eM;Sonistrelle;オンバット;Onbat;음뱃;嗡蝠;嗡蝠
Noivern;UHaFnir;Bruyverne;オンバーン;Onvern;음번;音波龍;音波龙
Xerneas;Xerneas;Xerneas;ゼルネアス;Xerneas;제르네아스;哲爾尼亞斯;哲尔尼亚斯
Yveltal;Yveltal;Yveltal;イベルタル;Yveltal;이벨타르;伊裴爾塔爾;伊裴尔塔尔
Zygarde;Zygarde;Zygarde;ジガルデ;Zygarde;지가르데;基格爾德;基格尔德
Diancie;Diancie;Diancie;ディアンシー;Diancie;디안시;蒂安希;蒂安希
Hoopa;Hoopa;Hoopa;フーパ;Hoopa;후파;胡帕;胡帕
Volcanion;Volcanion;Volcanion;ボルケニオン;Volcanion;볼케니온;波爾凱尼恩;波尔凯尼恩
Rowlet;Bauz;Brindibou;モクロー;Mokuroh;나몰빼미;木木梟;木木枭
Dartrix;Arboretoss;Efflèche;フクスロー;Fukuthrow;빼미스로우;投羽梟;投羽枭
Decidueye;Silvarro;Archéduc;ジュナイパー;Junaiper;모크나이퍼;狙射樹梟;狙射树枭
Litten;Flamiau;Flamiaou;ニャビー;Nyabby;냐오불;火斑喵;火斑喵
Torracat;Miezunder;Matoufeu;ニャヒート;Nyaheat;냐오히트;炎熱喵;炎热喵
Incineroar;Fuegro;Félinferno;ガオガエン;Gaogaen;어흥염;熾焰咆哮虎;炽焰咆哮虎
Popplio;Robball;Otaquin;アシマリ;Ashimari;누리공;球球海獅;球球海狮
Brionne;Marikeck;Otarlette;オシャマリ;Osyamari;키요공;花漾海獅;花漾海狮
Primarina;Primarene;Oratoria;アシレーヌ;Ashirene;누리레느;西獅海壬;西狮海壬
Pikipek;Peppeck;Picassaut;ツツケラ;Tsutsukera;콕코구리;小篤兒;小笃儿
Trumbeak;Trompeck;Piclairon;ケララッパ;Kerarappa;크라파;喇叭啄鳥;喇叭啄鸟
Toucannon;Tukanon;Bazoucan;ドデカバシ;Dodekabashi;왕큰부리;銃嘴大鳥;铳嘴大鸟
Yungoos;Mangunior;Manglouton;ヤングース;Youngoose;영구스;貓鼬少;猫鼬少
Gumshoos;Manguspektor;Argouste;デカグース;Dekagoose;형사구스;貓鼬探長;猫鼬探长
Grubbin;Mabula;Larvibule;アゴジムシ;Agojimushi;턱지충이;強顎雞母蟲;强颚鸡母虫
Charjabug;Akkup;Chrysapile;デンヂムシ;Dendimushi;전지충이;蟲電寶;虫电宝
Vikavolt;Donarion;Lucanon;クワガノン;Kuwagannon;투구뿌논;鍬農炮蟲;锹农炮虫
Crabrawler;Krabbox;Crabagarre;マケンカニ;Makenkani;오기지게;好勝蟹;好胜蟹
Crabominable;Krawell;Crabominable;ケケンカニ;Kekenkani;모단단게;好勝毛蟹;好胜毛蟹
Oricorio;Choreogel;Plumeline;オドリドリ;Odoridori;춤추새;花舞鳥;花舞鸟
Cutiefly;Wommel;Bombydou;アブリー;Abuly;에블리;萌虻;萌虻
Ribombee;Bandelby;Rubombelle;アブリボン;Aburibbon;에리본;蝶結萌虻;蝶结萌虻
Rockruff;Wuffels;Rocabot;イワンコ;Iwanko;암멍이;岩狗狗;岩狗狗
Lycanroc;Wolwerock;Lougaroc;ルガルガン;Lugarugan;루가루암;鬃岩狼人;鬃岩狼人
Wishiwashi;Lusardin;Froussardine;ヨワシ;Yowashi;약어리;弱丁魚;弱丁鱼
Mareanie;Garstella;Vorastérie;ヒドイデ;Hidoide;시마사리;好壞星;好坏星
Toxapex;Aggrostella;Prédastérie;ドヒドイデ;Dohidoide;더시마사리;超壞星;超坏星
Mudbray;Pampuli;Tiboudet;ドロバンコ;Dorobanko;머드나기;泥驢仔;泥驴仔
Mudsdale;Pampross;Bourrinos;バンバドロ;Banbadoro;만마드;重泥挽馬;重泥挽马
Dewpider;Araqua;Araqua;シズクモ;Shizukumo;물거미;滴蛛;滴蛛
Araquanid;Aranestro;Tarenbulle;オニシズクモ;Onishizukumo;깨비물거미;滴蛛霸;滴蛛霸
Fomantis;Imantis;Mimantis;カリキリ;Karikiri;짜랑랑;偽螳草;伪螳草
Lurantis;Mantidea;Floramantis;ラランテス;Lalantes;라란티스;蘭螳花;兰螳花
Morelull;Bubungus;Spododo;ネマシュ;Nemasyu;자마슈;睡睡菇;睡睡菇
Shiinotic;Lamellux;Lampignon;マシェード;Mashade;마셰이드;燈罩夜菇;灯罩夜菇
Salandit;Molunk;Tritox;ヤトウモリ;Yatoumori;야도뇽;夜盜火蜥;夜盗火蜥
Salazzle;Amfira;Malamandre;エンニュート;Ennewt;염뉴트;焰后蜥;焰后蜥
Stufful;Velursi;Nounourson;ヌイコグマ;Nuikoguma;포곰곰;童偶熊;童偶熊
Bewear;Kosturso;Chelours;キテルグマ;Kiteruguma;이븐곰;穿著熊;穿着熊
Bounsweet;Frubberl;Croquine;アマカジ;Amakaji;달콤아;甜竹竹;甜竹竹
Steenee;Frubaila;Candine;アママイコ;Amamaiko;달무리나;甜舞妮;甜舞妮
Tsareena;Fruyal;Sucreine;アマージョ;Amajo;달코퀸;甜冷美后;甜冷美后
Comfey;Curelei;Guérilande;キュワワー;Cuwawa;큐아링;花療環環;花疗环环
Oranguru;Kommandutan;Gouroutan;ヤレユータン;Yareyuutan;하랑우탄;智揮猩;智挥猩
Passimian;Quartermak;Quartermac;ナゲツケサル;Nagetukesaru;내던숭이;投擲猴;投掷猴
Wimpod;Reißlaus;Sovkipou;コソクムシ;Kosokumushi;꼬시레;膽小蟲;胆小虫
Golisopod;Tectass;Sarmuraï;グソクムシャ;Gusokumusha;갑주무사;具甲武者;具甲武者
Sandygast;Sankabuh;Bacabouh;スナバァ;Sunaba;모래꿍;沙丘娃;沙丘娃
Palossand;Colossand;Trépassable;シロデスナ;Sirodethna;모래성이당;噬沙堡爺;噬沙堡爷
Pyukumuku;Gufa;Concombaffe;ナマコブシ;Namakobushi;해무기;拳海參;拳海参
Type: Null;Typ:Null;Type:0;タイプ：ヌル;Type: Null;타입:널;屬性：空;属性：空
Silvally;Amigento;Silvallié;シルヴァディ;Silvady;실버디;銀伴戰獸;银伴战兽
Minior;Meteno;Météno;メテノ;Meteno;메테노;小隕星;小陨星
Komala;Koalelu;Dodoala;ネッコアラ;Nekkoara;자말라;樹枕尾熊;树枕尾熊
Turtonator;Tortunator;Boumata;バクガメス;Bakugames;폭거북스;爆焰龜獸;爆焰龟兽
Togedemaru;Togedemaru;Togedemaru;トゲデマル;Togedemaru;토게데마루;托戈德瑪爾;托戈德玛尔
Mimikyu;Mimigma;Mimiqui;ミミッキュ;Mimikkyu;따라큐;謎擬Ｑ;谜拟丘
Bruxish;Knirfish;Denticrisse;ハギギシリ;Hagigishiri;치갈기;磨牙彩皮魚;磨牙彩皮鱼
Drampa;Sen-Long;Draïeul;ジジーロン;Jijilong;할비롱;老翁龍;老翁龙
Dhelmise;Moruda;Sinistrail;ダダリン;Dadarin;타타륜;破破舵輪;破破舵轮
Jangmo-o;Miniras;Bébécaille;ジャラコ;Jyarako;짜랑꼬;心鱗寶;心鳞宝
Hakamo-o;Mediras;Écaïd;ジャランゴ;Jyarango;짜랑고우;鱗甲龍;鳞甲龙
Kommo-o;Grandiras;Ékaïser;ジャラランガ;Jyararanga;짜랑고우거;杖尾鱗甲龍;杖尾鳞甲龙
Tapu Koko;Kapu-Riki;Tokorico;カプ・コケコ;Kapu-Kokeko;카푸꼬꼬꼭;卡璞・鳴鳴;卡璞・鸣鸣
Tapu Lele;Kapu-Fala;Tokopiyon;カプ・テテフ;Kapu-Tetefu;카푸나비나;卡璞・蝶蝶;卡璞・蝶蝶
Tapu Bulu;Kapu-Toro;Tokotoro;カプ・ブルル;Kapu-Bulul;카푸브루루;卡璞・哞哞;卡璞・哞哞
Tapu Fini;Kapu-Kime;Tokopisco;カプ・レヒレ;Kapu-Rehire;카푸느지느;卡璞・鰭鰭;卡璞・鳍鳍
Cosmog;Cosmog;Cosmog;コスモッグ;Cosmog;코스모그;科斯莫古;科斯莫古
Cosmoem;Cosmovum;Cosmovum;コスモウム;Cosmovum;코스모움;科斯莫姆;科斯莫姆
Solgaleo;Solgaleo;Solgaleo;ソルガレオ;Solgaleo;솔가레오;索爾迦雷歐;索尔迦雷欧
Lunala;Lunala;Lunala;ルナアーラ;Lunala;루나아라;露奈雅拉;露奈雅拉
Nihilego;Anego;Zéroïd;ウツロイド;Uturoid;텅비드;虛吾伊德;虚吾伊德
Buzzwole;Masskito;Mouscoto;マッシブーン;Massivoon;매시붕;爆肌蚊;爆肌蚊
Pheromosa;Schabelle;Cancrelove;フェローチェ;Pheroache;페로코체;費洛美螂;费洛美螂
Xurkitree;Voltriant;Câblifère;デンジュモク;Denjyumoku;전수목;電束木;电束木
Celesteela;Kaguron;Bamboiselle;テッカグヤ;Tekkaguya;철화구야;鐵火輝夜;铁火辉夜
Kartana;Katagami;Katagami;カミツルギ;Kamiturugi;종이신도;紙御劍;纸御剑
Guzzlord;Schlingking;Engloutyran;アクジキング;Akuziking;악식킹;惡食大王;恶食大王
Necrozma;Necrozma;Necrozma;ネクロズマ;Necrozma;네크로즈마;奈克洛茲瑪;奈克洛兹玛
Magearna;Magearna;Magearna;マギアナ;Magearna;마기아나;瑪機雅娜;玛机雅娜
Marshadow;Marshadow;Marshadow;マーシャドー;Marshadow;마샤도;瑪夏多;玛夏多
Poipole;Venicro;Vémini;ベベノム;Bevenom;베베놈;毒貝比;毒贝比
Naganadel;Agoyon;Mandrillon;アーゴヨン;Agoyon;아고용;四顎針龍;四颚针龙
Stakataka;Muramura;Ama-Ama;ツンデツンデ;Tundetunde;차곡차곡;壘磊石;垒磊石
Blacephalon;Kopplosio;Pierroteknik;ズガドーン;Zugadoon;두파팡;砰頭小丑;砰头小丑
Zeraora;Zeraora;Zeraora;ゼラオラ;Zeraora;제라오라;捷拉奧拉;捷拉奥拉
Meltan;Meltan;Meltan;メルタン;Meltan;멜탄;美錄坦;美录坦
Melmetal;Melmetal;Melmetal;メルメタル;Melmetal;멜메탈;美錄梅塔;美录梅塔
Grookey;Chimpep;Ouistempo;サルノリ;Sarunori;흥나숭;敲音猴;敲音猴
Thwackey;Chimstix;Badabouin;バチンキー;Bachinkey;채키몽;啪咚猴;啪咚猴
Rillaboom;Gortrom;Gorythmic;ゴリランダー;Gorirander;고릴타;轟擂金剛猩;轰擂金刚猩
Scorbunny;Hopplo;Flambino;ヒバニー;Hibanny;염버니;炎兔兒;炎兔儿
Raboot;Kickerlo;Lapyro;ラビフット;Rabbifuto;래비풋;騰蹴小將;腾蹴小将
Cinderace;Liberlo;Pyrobut;エースバーン;Aceburn;에이스번;閃焰王牌;闪焰王牌
Sobble;Memmeon;Larméléon;メッソン;Messon;울머기;淚眼蜥;泪眼蜥
Drizzile;Phlegleon;Arrozard;ジメレオン;Jimereon;누겔레온;變澀蜥;变涩蜥
Inteleon;Intelleon;Lézargus;インテレオン;Intereon;인텔리레온;千面避役;千面避役
Skwovet;Raffel;Rongourmand;ホシガリス;Hoshigarisu;탐리스;貪心栗鼠;贪心栗鼠
Greedent;Schlaraffel;Rongrigou;ヨクバリス;Yokubarisu;요씽리스;藏飽栗鼠;藏饱栗鼠
Rookidee;Meikro;Minisange;ココガラ;Kokogara;파라꼬;稚山雀;稚山雀
Corvisquire;Kranoviz;Bleuseille;アオガラス;Aogarasu;파크로우;藍鴉;蓝鸦
Corviknight;Krarmor;Corvaillus;アーマーガア;Armorga;아머까오;鋼鎧鴉;钢铠鸦
Blipbug;Sensect;Larvadar;サッチムシ;Sacchimushi;두루지벌레;索偵蟲;索侦虫
Dottler;Keradar;Coléodôme;レドームシ;Redomushi;레돔벌레;天罩蟲;天罩虫
Orbeetle;Maritellit;Astronelle;イオルブ;Eolb;이올브;以歐路普;以欧路普
Nickit;Kleptifux;Goupilou;クスネ;Kusune;훔처우;偷兒狐;偷儿狐
Thievul;Gaunux;Roublenard;フォクスライ;Foxly;폭슬라이;狐大盜;狐大盗
Gossifleur;Cottini;Tournicoton;ヒメンカ;Himenka;꼬모카;幼棉棉;幼棉棉
Eldegoss;Cottomi;Blancoton;ワタシラガ;Watashiraga;백솜모카;白蓬蓬;白蓬蓬
Wooloo;Wolly;Moumouton;ウールー;Wooluu;우르;毛辮羊;毛辫羊
Dubwool;Zwollock;Moumouflon;バイウールー;Baiwooluu;배우르;毛毛角羊;毛毛角羊
Chewtle;Kamehaps;Khélocrok;カムカメ;Kamukame;깨물부기;咬咬龜;咬咬龟
Drednaw;Kamalm;Torgamord;カジリガメ;Kajirigame;갈가부기;暴噬龜;暴噬龟
Yamper;Voldi;Voltoutou;ワンパチ;Wanpachi;멍파치;來電汪;来电汪
Boltund;Bellektro;Fulgudog;パルスワン;Pulsewan;펄스멍;逐電犬;逐电犬
Rolycoly;Klonkett;Charbi;タンドン;Tandon;탄동;小炭仔;小炭仔
Carkol;Wagong;Wagomine;トロッゴン;Toroggon;탄차곤;大炭車;大炭车
Coalossal;Montecarbo;Monthracite;セキタンザン;Sekitanzan;석탄산;巨炭山;巨炭山
Applin;Knapfel;Verpom;カジッチュ;Kajicchu;과사삭벌레;啃果蟲;啃果虫
Flapple;Drapfel;Pomdrapi;アップリュー;Appryu;애프룡;蘋裹龍;苹裹龙
Appletun;Schlapfel;Dratatin;タルップル;Tarupple;단지래플;豐蜜龍;丰蜜龙
Silicobra;Salanga;Dunaja;スナヘビ;Sunahebi;모래뱀;沙包蛇;沙包蛇
Sandaconda;Sanaconda;Dunaconda;サダイジャ;Sadaija;사다이사;沙螺蟒;沙螺蟒
Cramorant;Urgl;Nigosier;ウッウ;Uu;윽우지;古月鳥;古月鸟
Arrokuda;Pikuda;Embrochet;サシカマス;Sasikamasu;찌로꼬치;刺梭魚;刺梭鱼
Barraskewda;Barrakiefa;Hastacuda;カマスジョー;Kamasujaw;꼬치조;戽斗尖梭;戽斗尖梭
Toxel;Toxel;Toxizap;エレズン;Eleson;일레즌;毒電嬰;毒电婴
Toxtricity;Riffex;Salarsen;ストリンダー;Strinder;스트린더;顫弦蠑螈;颤弦蝾螈
Sizzlipede;Thermopod;Grillepattes;ヤクデ;Yakude;태우지네;燒火蚣;烧火蚣
Centiskorch;Infernopod;Scolocendre;マルヤクデ;Maruyakude;다태우지네;焚焰蚣;焚焰蚣
Clobbopus;Klopptopus;Poulpaf;タタッコ;Tatakko;때때무노;拳拳蛸;拳拳蛸
Grapploct;Kaocto;Krakos;オトスパス;Otosupus;케오퍼스;八爪武師;八爪武师
Sinistea;Fatalitee;Théffroi;ヤバチャ;Yabacha;데인차;來悲茶;来悲茶
Polteageist;Mortipot;Polthégeist;ポットデス;Potdeath;포트데스;怖思壺;怖思壶
Hatenna;Brimova;Bibichut;ミブリム;Mibrim;몸지브림;迷布莉姆;迷布莉姆
Hattrem;Brimano;Chapotus;テブリム;Tebrim;손지브림;提布莉姆;提布莉姆
Hatterene;Silembrim;Sorcilence;ブリムオン;Brimuon;브리무음;布莉姆溫;布莉姆温
Impidimp;Bähmon;Grimalin;ベロバー;Beroba;메롱꿍;搗蛋小妖;捣蛋小妖
Morgrem;Pelzebub;Fourbelin;ギモー;Gimoh;쏘겨모;詐唬魔;诈唬魔
Grimmsnarl;Olangaar;Angoliath;オーロンゲ;Ohlonge;오롱털;長毛巨魔;长毛巨魔
Obstagoon;Barrikadax;Ixon;タチフサグマ;Tachifusaguma;가로막구리;堵攔熊;堵拦熊
Perrserker;Mauzinger;Berserkatt;ニャイキング;Nyaiking;나이킹;喵頭目;喵头目
Cursola;Gorgasonn;Corayôme;サニゴーン;Sunigoon;산호르곤;魔靈珊瑚;魔灵珊瑚
Sirfetch'd;Lauchzelot;Palarticho;ネギガナイト;Negigaknight;창파나이트;蔥遊兵;葱游兵
Mr. Rime;Pantifrost;M. Glaquette;バリコオル;Barrikohru;마임꽁꽁;踏冰人偶;踏冰人偶
Runerigus;Oghnatoll;Tutétékri;デスバーン;Deathbarn;데스판;死神板;死神板
Milcery;Hokumil;Crèmy;マホミル;Mahomil;마빌크;小仙奶;小仙奶
Alcremie;Pokusan;Charmilly;マホイップ;Mawhip;마휘핑;霜奶仙;霜奶仙
Falinks;Legios;Hexadron;タイレーツ;Tairetsu;대여르;列陣兵;列阵兵
Pincurchin;Britzigel;Wattapik;バチンウニ;Bachinuni;찌르성게;啪嚓海膽;啪嚓海胆
Snom;Snomnom;Frissonille;ユキハミ;Yukihami;누니머기;雪吞蟲;雪吞虫
Frosmoth;Mottineva;Beldeneige;モスノウ;Mothnow;모스노우;雪絨蛾;雪绒蛾
Stonjourner;Humanolith;Dolman;イシヘンジン;Ishihengin;돌헨진;巨石丁;巨石丁
Eiscue;Kubuin;Bekaglaçon;コオリッポ;Korippo;빙큐보;冰砌鵝;冰砌鹅
Indeedee;Servol;Wimessir;イエッサン;Yessan;에써르;愛管侍;爱管侍
Morpeko;Morpeko;Morpeko;モルペコ;Morpeko;모르페코;莫魯貝可;莫鲁贝可
Cufant;Kupfanti;Charibari;ゾウドウ;Zoudou;끼리동;銅象;铜象
Copperajah;Patinaraja;Pachyradjah;ダイオウドウ;Daioudou;대왕끼리동;大王銅象;大王铜象
Dracozolt;Lectragon;Galvagon;パッチラゴン;Patchiragon;파치래곤;雷鳥龍;雷鸟龙
Arctozolt;Lecryodon;Galvagla;パッチルドン;Patchilldon;파치르돈;雷鳥海獸;雷鸟海兽
Dracovish;Pescragon;Hydragon;ウオノラゴン;Uonoragon;어래곤;鰓魚龍;鳃鱼龙
Arctovish;Pescryodon;Hydragla;ウオチルドン;Uochilldon;어치르돈;鰓魚海獸;鳃鱼海兽
Duraludon;Duraludon;Duralugon;ジュラルドン;Duraludon;두랄루돈;鋁鋼龍;铝钢龙
Dreepy;Grolldra;Fantyrm;ドラメシヤ;Dorameshiya;드라꼰;多龍梅西亞;多龙梅西亚
Drakloak;Phandra;Dispareptil;ドロンチ;Doronch;드래런치;多龍奇;多龙奇
Dragapult;Katapuldra;Lanssorien;ドラパルト;Dorapult;드래펄트;多龍巴魯托;多龙巴鲁托
Zacian;Zacian;Zacian;ザシアン;Zacian;자시안;蒼響;苍响
Zamazenta;Zamazenta;Zamazenta;ザマゼンタ;Zamazenta;자마젠타;藏瑪然特;藏玛然特
Eternatus;Endynalos;Éthernatos;ムゲンダイナ;Mugendina;무한다이노;無極汰那;无极汰那
Kubfu;Dakuma;Wushours;ダクマ;Dakuma;치고마;熊徒弟;熊徒弟
Urshifu;Wulaosu;Shifours;ウーラオス;Wulaosu;우라오스;武道熊師;武道熊师
Zarude;Zarude;Zarude;ザルード;Zarude;자루도;薩戮德;萨戮德
Regieleki;Regieleki;Regieleki;レジエレキ;Regieleki;레지에레키;雷吉艾勒奇;雷吉艾勒奇
Regidrago;Regidrago;Regidrago;レジドラゴ;Regidorago;레지드래고;雷吉鐸拉戈;雷吉铎拉戈
Glastrier;Polaross;Blizzeval;ブリザポス;Blizzapos;블리자포스;雪暴馬;雪暴马
Spectrier;Phantoross;Spectreval;レイスポス;Wraithpos;레이스포스;靈幽馬;灵幽马
Calyrex;Coronospa;Sylveroy;バドレックス;Budrex;버드렉스;蕾冠王;蕾冠王
Wyrdeer;Damythir;Cerbyllin;アヤシシ;Ayashishi;신비록;詭角鹿;诡角鹿
Kleavor;Axantor;Hachécateur;バサギリ;Basagiri;사마자르;劈斧螳螂;劈斧螳螂
Ursaluna;Ursaluna;Ursaking;ガチグマ;Gachiguma;다투곰;月月熊;月月熊
Basculegion;Salmagnis;Paragruel;イダイトウ;Idaitou;대쓰여너;幽尾玄魚;幽尾玄鱼
Sneasler;Snieboss;Farfurex;オオニューラ;Ohnyula;포푸니크;大狃拉;大狃拉
Overqwil;Myriador;Qwilpik;ハリーマン;Haryman;장침바루;萬針魚;万针鱼
Enamorus;Cupidos;Amovénus;ラブトロス;Lovetolos;러브로스;眷戀雲;眷恋云
Sprigatito;Felori;Poussacha;ニャオハ;Nyahoja;나오하;新葉喵;新叶喵
Floragato;Feliospa;Matourgeon;ニャローテ;Nyarote;나로테;蒂蕾喵;蒂蕾喵
Meowscarada;Maskagato;Miascarade;マスカーニャ;Masquernya;마스카나;魔幻假面喵;魔幻假面喵
Fuecoco;Krokel;Chochodile;ホゲータ;Hogator;뜨아거;呆火鱷;呆火鳄
Crocalor;Lokroko;Crocogril;アチゲータ;Achigator;악뜨거;炙燙鱷;炙烫鳄
Skeledirge;Skelokrok;Flâmigator;ラウドボーン;Loudbone;라우드본;骨紋巨聲鱷;骨纹巨声鳄
Quaxly;Kwaks;Coiffeton;クワッス;Kuwassu;꾸왁스;潤水鴨;润水鸭
Quaxwell;Fuentente;Canarbello;ウェルカモ;Welkamo;아꾸왁;湧躍鴨;涌跃鸭
Quaquaval;Bailonda;Palmaval;ウェーニバル;Wanival;웨이니발;狂歡浪舞鴨;狂欢浪舞鸭
Lechonk;Ferkuli;Gourmelet;グルトン;Gourton;맛보돈;愛吃豚;爱吃豚
Oinkologne;Fragrunz;Fragroin;パフュートン;Perfuton;퍼퓨돈;飄香豚;飘香豚
Tarountula;Tarundel;Tissenboule;タマンチュラ;Tamanchura;타랜툴라;團珠蛛;团珠蛛
Spidops;Spinsidias;Filentrappe;ワナイダー;Wanaida;트래피더;操陷蛛;操陷蛛
Nymble;Micrick;Lilliterelle;マメバッタ;Mamebatta;콩알뚜기;豆蟋蟀;豆蟋蟀
Lokix;Lextremo;Gambex;エクスレッグ;Exleg;엑스레그;烈腿蝗;烈腿蝗
Pawmi;Pamo;Pohm;パモ;Pamo;빠모;布撥;布拨
Pawmo;Pamamo;Pohmotte;パモット;Pamot;빠모트;布土撥;布土拨
Pawmot;Pamomamo;Pohmarmotte;パーモット;Parmot;빠르모트;巴布土撥;巴布土拨
Tandemaus;Zwieps;Compagnol;ワッカネズミ;Wakkanezumi;두리쥐;一對鼠;一对鼠
Maushold;Famieps;Famignol;イッカネズミ;Ikkanezumi;파밀리쥐;一家鼠;一家鼠
Fidough;Hefel;Pâtachiot;パピモッチ;Pupimocchi;쫀도기;狗仔包;狗仔包
Dachsbun;Backel;Briochien;バウッツェル;Bowtzel;바우첼;麻花犬;麻花犬
Smoliv;Olini;Olivini;ミニーブ;Minive;미니브;迷你芙;迷你芙
Dolliv;Olivinio;Olivado;オリーニョ;Orinyo;올리뇨;奧利紐;奥利纽
Arboliva;Olithena;Arboliva;オリーヴァ;Oriva;올리르바;奧利瓦;奥利瓦
Squawkabilly;Krawalloro;Tapatoès;イキリンコ;Ikirinko;시비꼬;怒鸚哥;怒鹦哥
Nacli;Geosali;Selutin;コジオ;Kojio;베베솔트;鹽石寶;盐石宝
Naclstack;Sedisal;Amassel;ジオヅム;Jiodzumu;스태솔트;鹽石壘;盐石垒
Garganacl;Saltigant;Gigansel;キョジオーン;Kyojion;콜로솔트;鹽石巨靈;盐石巨灵
Charcadet;Knarbon;Charbambin;カルボウ;Carbou;카르본;炭小侍;炭小侍
Armarouge;Crimanzo;Carmadura;グレンアルマ;Gurenarma;카디나르마;紅蓮鎧騎;红莲铠骑
Ceruledge;Azugladis;Malvalame;ソウブレイズ;Soublades;파라블레이즈;蒼炎刃鬼;苍炎刃鬼
Tadbulb;Blipp;Têtampoule;ズピカ;Zupika;빈나두;光蚪仔;光蚪仔
Bellibolt;Wampitz;Ampibidou;ハラバリー;Harabari;찌리배리;電肚蛙;电肚蛙
Wattrel;Voltrel;Zapétrel;カイデン;Kaiden;찌리비;電海燕;电海燕
Kilowattrel;Voltrean;Fulgulairo;タイカイデン;Taikaiden;찌리비크;大電海燕;大电海燕
Maschiff;Mobtiff;Grondogue;オラチフ;Orachifu;오라티프;偶叫獒;偶叫獒
Mabosstiff;Mastifioso;Dogrino;マフィティフ;Mafitifu;마피티프;獒教父;獒教父
Shroodle;Sproxi;Gribouraigne;シルシュルー;Shirushuru;땃쭈르;滋汁鼴;滋汁鼹
Grafaiai;Affiti;Tag-Tag;タギングル;Taginguru;태깅구르;塗標客;涂标客
Bramblin;Weherba;Virovent;アノクサ;Anokusa;그푸리;納噬草;纳噬草
Brambleghast;Horrerba;Virevorreur;アノホラグサ;Anohoragusa;공푸리;怖納噬草;怖纳噬草
Toedscool;Tentagra;Terracool;ノノクラゲ;Nonokurage;들눈해;原野水母;原野水母
Toedscruel;Tenterra;Terracruel;リククラゲ;Rikukurage;육파리;陸地水母;陆地水母
Klawf;Klibbe;Craparoi;ガケガニ;Gakegani;절벼게;毛崖蟹;毛崖蟹
Capsakid;Chilingel;Pimito;カプサイジ;Kapusaiji;캡싸이;熱辣娃;热辣娃
Scovillain;Halupenjo;Scovilain;スコヴィラン;Sukoviran;스코빌런;狠辣椒;狠辣椒
Rellor;Relluk;Léboulérou;シガロコ;Shigaroko;구르데;蟲滾泥;虫滚泥
Rabsca;Skarabaks;Bérasca;ベラカス;Berakasu;베라카스;蟲甲聖;虫甲圣
Flittle;Flattutu;Flotillon;ヒラヒナ;Hirahina;하느라기;飄飄雛;飘飘雏
Espathra;Psiopatra;Cléopsytra;クエスパトラ;Kuesupatora;클레스퍼트라;超能豔鴕;超能艳鸵
Tinkatink;Forgita;Forgerette;カヌチャン;Kanuchan;어리짱;小鍛匠;小锻匠
Tinkatuff;Tafforgita;Forgella;ナカヌチャン;Nakanuchan;벼리짱;巧鍛匠;巧锻匠
Tinkaton;Granforgita;Forgelina;デカヌチャン;Dekanuchan;두드리짱;巨鍛匠;巨锻匠
Wiglett;Schligda;Taupikeau;ウミディグダ;Umidigda;바다그다;海地鼠;海地鼠
Wugtrio;Schligdri;Triopikeau;ウミトリオ;Umitrio;바닥트리오;三海地鼠;三海地鼠
Bombirdier;Adebom;Lestombaile;オトシドリ;Otoshidori;떨구새;下石鳥;下石鸟
Finizen;Normifin;Dofin;ナミイルカ;Namiiruka;맨돌핀;波普海豚;波普海豚
Palafin;Delfinator;Superdofin;イルカマン;Irukaman;돌핀맨;海豚俠;海豚侠
Varoom;Knattox;Vrombi;ブロロン;Buroron;부르롱;噗隆隆;噗隆隆
Revavroom;Knattatox;Vrombotor;ブロロローム;Burororomu;부르르룸;普隆隆姆;普隆隆姆
Cyclizar;Mopex;Motorizard;モトトカゲ;Mototokage;모토마;摩托蜥;摩托蜥
Orthworm;Schlurm;Ferdeter;ミミズズ;Mimizuzu;꿈트렁;拖拖蚓;拖拖蚓
Glimmet;Lumispross;Germéclat;キラーメ;Kirame;초롱순;晶光芽;晶光芽
Glimmora;Lumiflora;Floréclat;キラフロル;Kirafuroru;킬라플로르;晶光花;晶光花
Greavard;Gruff;Toutombe;ボチ;Bochi;망망이;墓仔狗;墓仔狗
Houndstone;Friedwuff;Tomberro;ハカドッグ;Hakadoggu;묘두기;墓揚犬;墓扬犬
Flamigo;Flaminkno;Flamenroule;カラミンゴ;Karamingo;꼬이밍고;纏紅鶴;缠红鹤
Cetoddle;Flaniwal;Piétacé;アルクジラ;Arukujira;터벅고래;走鯨;走鲸
Cetitan;Kolowal;Balbalèze;ハルクジラ;Harukujira;우락고래;浩大鯨;浩大鲸
Veluza;Agiluza;Délestin;ミガルーサ;Migarusa;가비루사;輕身鱈;轻身鳕
Dondozo;Heerashai;Oyacata;ヘイラッシャ;Heyrusher;어써러셔;吃吼霸;吃吼霸
Tatsugiri;Nigiragi;Nigirigon;シャリタツ;Syaritatsu;싸리용;米立龍;米立龙
Annihilape;Epitaff;Courrousinge;コノヨザル;Konoyozaru;저승갓숭;棄世猴;弃世猴
Clodsire;Suelord;Terraiste;ドオー;Dooh;토오;土王;土王
Farigiraf;Farigiraf;Farigiraf;リキキリン;Rikikirin;키키링;奇麒麟;奇麒麟
Dudunsparce;Dummimisel;Deusolourdo;ノココッチ;Nokokocchi;노고고치;土龍節節;土龙节节
Kingambit;Gladimperio;Scalpereur;ドドゲザン;Dodogezan;대도각참;仆斬將軍;仆刀将军
Great Tusk;Riesenzahn;Fort-Ivoire;イダイナキバ;Idainakiba;위대한엄니;雄偉牙;雄伟牙
Scream Tail;Brüllschweif;Hurle-Queue;サケブシッポ;Sakebushippo;우렁찬꼬리;吼叫尾;吼叫尾
Brute Bonnet;Wutpilz;Fongus-Furie;アラブルタケ;Araburutake;사나운버섯;猛惡菇;猛恶菇
Flutter Mane;Flatterhaar;Flotte-Mèche;ハバタクカミ;Habatakukami;날개치는머리;振翼髮;振翼发
Slither Wing;Kriechflügel;Rampe-Ailes;チヲハウハネ;Chiohauhane;땅을기는날개;爬地翅;爬地翅
Sandy Shocks;Sandfell;Pelage-Sablé;スナノケガワ;Sunanokegawa;모래털가죽;沙鐵皮;沙铁皮
Iron Treads;Eisenrad;Roue-de-Fer;テツノワダチ;Tetsunowadachi;무쇠바퀴;鐵轍跡;铁辙迹
Iron Bundle;Eisenbündel;Hotte-de-Fer;テツノツツミ;Tetsunotsutsumi;무쇠보따리;鐵包袱;铁包袱
Iron Hands;Eisenhand;Paume-de-Fer;テツノカイナ;Tetsunokaina;무쇠손;鐵臂膀;铁臂膀
Iron Jugulis;Eisenhals;Têtes-de-Fer;テツノコウベ;Tetsunokoube;무쇠머리;鐵脖頸;铁脖颈
Iron Moth;Eisenfalter;Mite-de-Fer;テツノドクガ;Tetsunodokuga;무쇠독나방;鐵毒蛾;铁毒蛾
Iron Thorns;Eisendorn;Épine-de-Fer;テツノイバラ;Tetsunoibara;무쇠가시;鐵荊棘;铁荆棘
Frigibax;Frospino;Frigodo;セビエ;Sebie;드니차;涼脊龍;凉脊龙
Arctibax;Cryospino;Cryodo;セゴール;Segoru;드니꽁;凍脊龍;冻脊龙
Baxcalibur;Espinodon;Glaivodo;セグレイブ;Seglaive;드닐레이브;戟脊龍;戟脊龙
Gimmighoul;Gierspenst;Mordudor;コレクレー;Collecurei;모으령;索財靈;索财灵
Gholdengo;Monetigo;Gromago;サーフゴー;Surfugo;타부자고;賽富豪;赛富豪
Wo-Chien;Chongjian;Chongjian;チオンジェン;Chionjen;총지엔;古簡蝸;古简蜗
Chien-Pao;Baojian;Baojian;パオジアン;Paojian;파오젠;古劍豹;古剑豹
Ting-Lu;Dinglu;Dinglu;ディンルー;Dinlu;딩루;古鼎鹿;古鼎鹿
Chi-Yu;Yuyu;Yuyu;イーユイ;Iyui;위유이;古玉魚;古玉鱼
Roaring Moon;Donnersichel;Rugit-Lune;トドロクツキ;Todorokutsuki;고동치는달;轟鳴月;轰鸣月
Iron Valiant;Eisenkrieger;Garde-de-Fer;テツノブジン;Tetsunobujin;무쇠무인;鐵武者;铁武者
Koraidon;Koraidon;Koraidon;コライドン;Koraidon;코라이돈;故勒頓;故勒顿
Miraidon;Miraidon;Miraidon;ミライドン;Miraidon;미라이돈;密勒頓;密勒顿
